designation,description,size_1,size_2,size_3,size_4,size_5,size_6,size_7,sheeting
D1-1,SINGLE-LINE DESTINATION,48 x 8,72 x 12,,,,,,DG
D1-1A,SINGLE-LINE DESTINATION MILEAGE,48 x 8,72 x 12,,,,,,DG
D1-2,DOUBLE-LINE DESTINATION,48 x 16,72 x 24,,,,,,DG
D1-2A,DOUBLE-LINE DESTINATION MILEAGE,48 x 16,72 x 24,,,,,,DG
D1-3,TRIPLE-LINE DESTINATION,48 x 24,72 x 36,,,,,,DG
D1-3A,TRIPLE-LINE DESTINATION MILEAGE,48 x 24,72 x 36,,,,,,DG
D2-1,SINGLE-LINE DISTANCE,48 x 8,72 x 12,,,,,,DG
D2-2,DOUBLE-LINE DISTANCE,48 x 16,72 x 24,,,,,,DG
D2-3,TRIPLE-LINE DISTANCE,48 x 24,72 x 36,,,,,,DG
D3-2,SINGLE-LINE ADVANCE STREET NAME,,48 x 8,,,72 x 12,,,DG
D3-3,DOUBLE-LINE ADVANCE STREET NAME,,48 x 16,,,72 x 24,,,DG
D3-4,SINGLE-LINE OVERHEAD STREET NAME,,144 x 24,144 x 24,,,,,DG
D3-5,DOUBLE-LINE OVERHEAD STREET NAME,,144 x 42,144 x 42,,,,,DG
D4-1,PARKING AREA,18 x 15,30 x 24,,,,,,DG
D4-10,DEPARTMENT RIDE SHARING PARKING LOT,,48 x 48,,,,,,DG
D4-2,PARK AND RIDE,,30 x 36,,,36 x 48,,,DG
D5-1,REST AREA (____) MILE,,24 x 30,,36 x 48,,,,DG
D5-2,REST AREA ENTRANCE,,60 x 24,,,,,,DG
D5-5-1,(____) FEET (white-on-blue),,24 x 6,,,,,,DG
D5-5A,ROADSIDE TABLE,,24 x 24,,,,,,DG
D5-6-1,VISITOR INFO,,,,96 x 18,,,,DG
D5-6-2,VENDING MACHINES,,,,96 x 18,,,,DG
D5-6-3,FREE RESERVATION SERVICE,,,,96 x 36,,,,DG
D6-2,ADVANCE SCENIC OVERLOOK,,48 x 36,,,,,,DG
D6-3,SCENIC OVERLOOK ENTRANCE,,72 x 24,,,,,,DG
D7-4,ATTRACTION,,48 x 16,,72 x 24,,,,DG
D8-1,ADVANCE WEIGH STATION,60 x 48,78 x 60,,96 x 72,,,,DG
D8-2,WEIGH STATION NEXT RIGHT,66 x 54,84 x 72,,108 x 90,,,,DG
D8-3,WEIGH STATION,48 x 42,66 x 60,,84 x 78,,,,DG
D9-10,VISITOR INFORMATION,,24 x 24,,30 x 30,,,,DG
D9-11,DIESEL,,24 x 24,,30 x 30,,,,DG
D9-1-2,EMERGENCY TELEPHONE,,30 x 24,,,,,,DG
D9-13DP,TRAUMA CENTER PLAQUE,,24 x 12,,30 x 15,,,,DG
D9-14,STATE POLICE,,24 x 24,,30 x 30,,,,DG
D9-1A,TELEPHONE WITH ARROW,18 x 24,24 x 30,,30 x 36,,,,DG
D9-1B,TELEPHONE (____) MILE,18 x 24,24 x 30,,30 x 36,,,,DG
D9-2,HOSPITAL,,24 x 24,,30 x 30,,,,DG
D9-2-2,SERVICES ARROW,,24 x 12,,30 x 15,,,,DG
D9-3,CAMPING,,24 x 24,,30 x 30,,,,DG
D9-7,GAS,,24 x 24,,30 x 30,,,,DG
D9-8,FOOD,,24 x 24,,30 x 30,,,,DG
D9-9,LODGING,,24 x 24,,30 x 30,,,,DG
D10-1,SINGLE-DIGIT REFERENCE LOCATION SIGN,,,,12 x 24,,,,DG
D10-1A,SINGLE-DIGIT INTERMEDIATE REFERENCE LOCATION SIGN,,,,12 x 36,,,,DG
D10-2,DOUBLE-DIGIT REFERENCE LOCATION SIGN,,,,12 x 36,,,,DG
D10-2A,DOUBLE-DIGIT INTERMEDIATE REFERENCE LOCATION SIGN,,,,12 x 48,,,,DG
D10-3,TRIPLE-DIGIT REFERENCE LOCATION SIGN,,,,12 x 48,,,,DG
D10-3A,TRIPLE-DIGIT INTERMEDIATE REFERENCE LOCATION SIGN,,,,12 x 60,,,,DG
D10-5,ENHANCED REFERENCE LOCATION WITH DECIMAL SIGN,,,,18 x 60,,,,DG
D11-1,BIKE ROUTE,,24 x 18,,,30 x 24,,24 x 18,DG
D12-2,CAR POOL INFORMATION,36 x 30,54 x 42,,72 x 54,,,,DG
D12-5,TRAVEL INFO CALL 511,,48 x 60,,,,,,DG
D13-3AL,FREEWAY ENTRANCE LEFT SIGN,,48 x 48,,,,,,DG
D13-3AR,FREEWAY ENTRANCE RIGHT SIGN,,48 x 48,,,,,,DG
D14-101,EMERGENCY DETOUR - FOLLOW (COLOR) ARROW,,72 x 48,,,,,,DG
D14-102,EMERGENCY DETOUR (COLOR) TRAILBLAZER,,18 x 24,,24 x 36,,,,DG
D14-103,ALL TRAFFIC MUST EXIT,,,,60 x 60,,,,DG
G20-1,LENGTH OF WORK,,60 x 30,,,72 x 36,,,DG
G20-1-2,ROAD WORK TO BEGIN NEXT WEEK,,48 x 36,,,,,,DG
G20-15,CROSSOVER (____) FEET,,72 x 36,,,,,,DG
G20-16,MAINTAIN SAFE DISTANCE BETWEEN VEHICLES,,60 x 60,,,,,,DG
G20-17,SINGLE LANE NEXT (__) MILES,,60 x 60,,,,,,DG
G20-2,END ROAD WORK,,36 x 18,,60 x 24,,,,DG
G20-4,PILOT CAR,,36 x 18,,,,,,DG
G20-4-1,TURNING VEHICLES -- WAIT FOR PILOT CAR,,36 x 48,,,,,,DG
G20-5AP,WORK ZONE PLAQUE,,,,,,,,DG
G20-6,DETOUR FOLLOW RED ARROW,,48 x 30,,,,,,DG
G20-6-1,RED ARROW,,24 x 12,,,,,,DG
G30-1,EMERGENCY PULL-OFF (__),,96 x 60,,,,,,DG
G30-2,EMERGENCY PULL-OFF ENTRANCE,,96 x 60,,,,,,DG
G40-1,TEMPORARY ARROW,72 x 36,96 x 48,,,,,,DG
G40-2,STRIPED (panel) (for G40-1),72 x 36,96 x 48,,,,,,DG
G60-1,ROAD WORK INFO TUNE RADIO TO (____) AM,,,132 x 60,,,120 x 48,,DG
G60-1A,URGENT MESSAGE WHEN FLASHING,,,132 x 36,,,120 x 24,,DG
G70-1,USE BOTH LANES TO MERGE POINT,,,132 x 42,,,,,DG
G70-2,MERGE HERE TAKE YOUR TURN,,,132 x 42,,,,,DG
GEN_NOTES,GENERAL NOTES SHEET,,,,,,,,DG
I1-1,TRAFFIC SIGNAL SPEED,,24 x 36,,,,,,DG
I2-1,SPEED CHECK (marker),,3 x 24,,,,,,DG
I4-1-2,INFORMATION ARROW,,24 x 12,,30 x 15,,,,DG
I10-1,CITY NAME,,36 x 12,,,,,,DG
I10-2,BOROUGH NAME,,36 x 12,,,,,,DG
I10-3,VILLAGE NAME,,36 x 12,,,,,,DG
I10-4,TOWNSHIP NAME,,36 x 12,,,,,,DG
I10-5,COUNTY NAME,,36 x 12,,,,,,DG
I10-6,RIVER NAME,,36 x 12,,,48 x 24,,,DG
I10-7,MUNICIPALITY NAME,,36 x 12,,,,,,DG
I-11,RECYCLING CENTER,,24 x 36,,,,,,DG
I12-1,SNOWMOBILE ROAD,,24 x 24,30 x 30,,,,,DG
I12-1-1,ATV ROAD,,24 x 24,30 x 30,,,,,DG
I13-2,PENNSYLVANIA WELCOMES YOU,,144 x 78,,192 x 108,288 x 144,,,DG
I13-2A,WELCOME TO PENNSYLVANIA (ALTERNATE),,48 x 24,,,72 x 36,,,DG
I13-3,MOUNTAIN SUMMIT AND ELEVATION,,120 x 60,,144 x 60,,,,DG
I-13A,EMERGENCY NOTIFICATION,,30 x 18,,,,,,DG
I14-1,KEEP PA BEAUTIFUL DO NOT LITTER,,48 x 30,,,,,,DG
I14-2,KEEP PA BEAUTIFUL SYMBOL,,30 x 30,,36 x 36,,,,DG
I14-3,KEEP PENNSYLVANIA BEAUTIFUL STATE OUTLINE,,48 x 30,,,,,,DG
I14-4,LITTER FINE,,30 x 24,,,,,,DG
I14-5,NO DUMPING ALLOWED,,24 x 18,,,,,,DG
I14-6,BUCKLE - UP (Expressway and Freeway),,,,96 x 48,,,,DG
I14-6A,BUCKLE - UP,24 x 30,30 x 36,,,,,,DG
I15-1,PHOTO CENTER,,18 x 12,,,,,,DG
I15-2,PHOTO CENTER PARKING,,18 x 18,,,,,,DG
I15-3,PHOTO DRIVERS LICENSE CENTER,,30 x 30,,,,,,DG
I15-4,PHOTO CENTER DIRECTIONAL ARROW,,18 x 6,,,,,,DG
I16-1,COMMERCIAL DRIVER LICENSE TESTING SITE,,30 x 18,,,,,,DG
I18-1,OVERHEAD ROADWAY ID (NUMBERED TR),,,,VAR x 18,,,,DG
I30-1,TRAFFIC SAFETY CHECK,36 x 36,48 x 48,,,,,,DG
I30-2,TRUCK SURVEY AHEAD,,48 x 48,,,,,,DG
I40-1,"ADOPT-A-HIGHWAY, NEXT 2 MILES",,36 x 18,,48 x 24,,,,DG
I40-2,"ADOPT-A-HIGHWAY, NEXT (____) MILES",,36 x 18,,48 x 24,,,,DG
I40-3,"ADOPT-A-HIGHWAY, INTERCHANGE AREA",,36 x 18,,48 x 24,,,,DG
I42-1,NAME OF PERSON (one person),,36 x 8,,48 x 8,,,,DG
I42-2,NAME OF PERSONS (two persons),,36 x 12,,48 x 18,,,,DG
I43-1,GROUP NAME (one line),,36 x 8,,48 x 8,,,,DG
I43-2,GROUP NAME (two line),,36 x 12,,48 x 18,,,,DG
I44-1,ADOPT-A- HIGHWAY THANK YOU,,36 x 12,,48 x 18,,,,DG
I45-1,RECYCLING SERVICES,,36 x 36,,,,,,DG
I47-1,BEAUTIFICATION AREA,,36 x 12,,,,,,DG
I47-2,BEAUTIFICATION AREA SPONSOR,,36 x 12,,,,,,DG
I-5,AIRPORT,,24 x 24,,30 x 30,,,,DG
I-5-1,"SPECIFIC NAME (for I-5, I-6, and I-7)",,24 x 12,,30 x 15,,,,DG
I-6,BUS STATION,,24 x 24,,30 x 30,,,,DG
I-6-1,STATION,,24 x 8,,,,,,DG
I-7,RAILROAD STATION,,24 x 24,,30 x 30,,,,DG
I70-1,AGILITY,,36 x 36,,48 x 48,,,,DG
I-8,LIBRARY,,24 x 24,,,,,,DG
I80-1,WATER SUPPLY AREA,,36 x 36,,48 x 48,90 x 102,48 x 60,,DG
I98-1,SAFETY BREAK FREE COFFEE,,96 x 72,,,,,,DG
M1-1,INTERSTATE ROUTE (marker) - 1 OR 2 DIGITS,,24 x 24,,36 x 36,,,,HI
M1-2,INTERSTATE BUSINESS LOOP - 1 OR 2 DIGITS,,24 x 24,,36 x 36,,,,HI
M1-3,INTERSTATE BUSINESS SPUR - 1 OR 2 DIGITS,,24 x 24,,36 x 36,,,,HI
M1-4,U.S. ROUTE (marker) - 1 OR 2 DIGITS,,24 x 24,,36 x 36,,,,HI
M1-5,PENNSYLVANIA ROUTE (marker) - 1 OR 2 DIGITS,,24 x 24,,36 x 36,,,,HI
M1-5A,PENNSYLVANIA TURNPIKE (marker),,36 x 36,,45 x 36,,,,HI
M2-1,JUNCTION (marker),,21 x 15,,30 x 18,,,12 x 6,HI
M2-1-1,INTERSTATE JUNCTION (marker),,21 x 15,,30 x 18,,,,HI
M3-1,NORTH (marker),,24 x 12,,30 x 15,,,12 x 6,HI
M3-1-1,INTERSTATE NORTH (marker),,24 x 12,,30 x 15,,,,HI
M3-1-2,INTERSTATE BUSINESS NORTH (marker),,24 x 12,,30 x 15,,,,HI
M3-2,EAST (marker),,24 x 12,,30 x 15,,,12 x 6,HI
M3-2-1,INTERSTATE EAST (marker),,24 x 12,,30 x 15,,,,HI
M3-3,SOUTH (marker),,24 x 12,,30 x 15,,,12 x 6,HI
M3-3-1,INTERSTATE SOUTH (marker),,24 x 12,,30 x 15,,,,HI
M3-3-2,INTERSTATE BUSINESS SOUTH (marker),,24 x 12,,30 x 15,,,,HI
M3-4,WEST (marker),,24 x 12,,30 x 15,,,12 x 6,HI
M3-4-1,INTERSTATE WEST (marker),,24 x 12,,30 x 15,,,,HI
M4-1,ALTERNATE MARKER,,24 x 12,,30 x 15,,,12 x 6,HI
M4-12,END (for D11-1),,24 x 6,,,,,,HI
M4-13,TO (for D11-1),,24 x 6,,,,,,HI
M4-14-1,BEGIN (for D11-1),,24 x 6,,,,,,HI
M4-2,BY- PASS (marker),,24 x 12,,30 x 15,,,12 x 6,HI
M4-3,BUSINESS (marker),,24 x 12,,30 x 15,,,12 x 6,HI
M4-4,TRUCK (marker),,24 x 12,,30 x 15,,,,HI
M4-5,TO (marker),,24 x 12,,30 x 15,,,12 x 6,HI
M4-5-1,INTERSTATE TO (marker),,24 x 12,,30 x 15,,,,HI
M4-6,END (marker),,24 x 12,,30 x 15,,,12 x 6,HI
M4-8,DETOUR (marker),,24 x 12,,30 x 15,,,12 x 6,DG
M4-8-1,CAR DETOUR (marker),,24 x 24,,,,,,DG
M4-8-2,TRUCK DETOUR (marker),,24 x 24,,,,,,DG
M4-8A,END DETOUR,,24 x 18,,36 x 30,,,,DG
M5-1-1L,INTERSTATE ADVANCE 90° LEFT TURN (marker),,21 x 15,,30 x 18,,,,HI
M5-1-1R,INTERSTATE ADVANCE 90° RIGHT TURN (marker),,21 x 15,,30 x 18,,,,HI
M5-1L,ADVANCE 90° LEFT TURN (marker),,21 x 15,,30 x 18,,,12 x 9,HI
M5-1R,ADVANCE 90° RIGHT TURN (marker),,21 x 15,,30 x 18,,,12 x 9,HI
M5-2-1L,INTERSTATE ADVANCE 45° LEFT TURN (marker),,21 x 15,,30 x 18,,,,HI
M5-2-1R,INTERSTATE ADVANCE 45° RIGHT TURN (marker),,21 x 15,,30 x 18,,,,HI
M5-2L,ADVANCE 45° LEFT TURN (marker),,,,,,,12 x 9,HI
M5-2R,ADVANCE 45° RIGHT TURN (marker),,21 x 15,,30 x 18,,,12 x 9,HI
M6-1,90° TURN (marker),,21 x 15,,30 x 18,,,12 x 9,HI
M6-1-1,INTERSTATE 90° TURN (marker),,21 x 15,,30 x 18,,,,HI
M6-2-1L,INTERSTATE 45° LEFT TURN (marker),,21 x 15,,30 x 18,,,,HI
M6-2-1R,INTERSTATE 45° RIGHT TURN (marker),,21 x 15,,30 x 18,,,,HI
M6-2L,45° LEFT TURN (marker),,21 x 15,,30 x 18,,,12 x 9,HI
M6-2R,45° RIGHT TURN (marker),,21 x 15,,30 x 18,,,12 x 9,HI
M6-3,STRAIGHT THROUGH (marker),,21 x 15,,30 x 18,,,12 x 9,HI
M6-3-1,INTERSTATE STRAIGHT THROUGH (marker),,21 x 15,,30 x 18,,,,HI
M6-4,90° RIGHT AND LEFT TURN (marker),,21 x 15,,30 x 18,,,12 x 9,HI
M7-1,HORIZONTAL ARROW (for D11-1),,12 x 9,,,,,,DG
M7-2,VERTICAL ARROW (for D11-1),,12 x 9,,,,,,DG
M7-3,DOUBLE HEADED DIAGONAL ARROW (for D11-1),,12 x 9,,,,,,DG
M7-4,DIAGONAL ARROW (for D11-1),,12 x 9,,,,,,DG
M7-5,DOUBLE HEADED HORIZONTAL ARROW (for D11-1),,12 x 9,,,,,,DG
M7-6,HORIZONTAL AND VERTICAL ARROW (for D11-1),,12 x 9,,,,,,DG
M7-7,VERTICAL AND DIAGONAL ARROW (for D11-1),,12 x 9,,,,,,DG
M1-10,EISENHOWER INTERSTATE SYSTEM (2 pages),,,,36 x 36,,,,DG
M1-8,BICYCLEPA ROUTE (marker),,12 x 30,,,,,,DG
M1-8A,BICYCLEPA ROUTE MARKER TURN ASSEMBLY,,12 x 30,,,,,,DG
M4-10L,"DETOUR ARROW, LEFT",,48 x 18,,,,,,DG
M4-10R,"DETOUR ARROW, RIGHT",,48 x 18,,,,,,DG
M4-10S,"DETOUR ARROW, STRAIGHT",,48 x 18,,,,,,DG
M4-9-1AL,LEFT ADVANCE 45° DETOUR,,30 x 24,,48 x 36,,,,DG
M4-9-1AR,RIGHT ADVANCE 45° DETOUR,,30 x 24,,48 x 36,,,,DG
M4-9-1BL,45° LEFT TURN DETOUR,,30 x 24,,48 x 36,,,,DG
M4-9-1BR,45° RIGHT TURN DETOUR,,30 x 24,,48 x 36,,,,DG
M4-9A,BICYCLE / PEDESTRIAN DETOUR,,30 x 24,,,,,,DG
M4-9B,PEDESTRIAN DETOUR,,30 x 24,,,,,,DG
M4-9C,BICYCLE DETOUR,,30 x 24,,,,,,DG
M4-9L,"DETOUR, LEFT",,30 x 24,,48 x 36,,,,DG
M4-9R,"DETOUR, RIGHT",,30 x 24,,48 x 36,,,,DG
M4-9S,"DETOUR, STRAIGHT",,30 x 24,,48 x 36,,,,DG
M4-9SL,LEFT ADVANCE DETOUR,,30 x 24,,48 x 36,,,,DG
M4-9SR,RIGHT ADVANCE DETOUR,,30 x 24,,48 x 36,,,,DG
M5-3,CURVED-STEM ADVANCE TURN ARROW,,21 x 15,,30 x 21,,,,HI
OM1-3,OBJECT MARKER (yellow reflectorized blank),,18 x 18,,,,,,DG
OM-3L,LEFT CLEARANCE MARKER (black & yellow),,12 x 36,,18 x 36,,,6 x 18,DG
OM-3R,RIGHT CLEARANCE MARKER (black & yellow),,12 x 36,,18 x 36,,,6 x 18,DG
OM4-3,END OF ROADWAY MARKER (red reflectorized blank),,18 x 18,,,,,,DG
R1-1,STOP,,30 x 30,36 x 36,48 x 48,,24 x 24,18 x 18,HI
R1-10P,EXCEPT RIGHT TURN PLAQUE,,24 x 18,,,,,,HI
R11-1,KEEP OFF MEDIAN,,24 x 30,,,36 x 48,,,HI
R1-1-2,RAMP,,36 x 18,,48 x 24,,,,HI
R1-1-3,RAMP STOP,,36 x 48,,48 x 60,,,,HI
R1-1-4,RAMP YIELD,,36 x 48,,48 x 60,,,,HI
R1-1A,RIGHT LANE KEEP MOVING,,24 x 30,30 x 36,,,,,HI
R1-2,YIELD,,36 x 36,48 x 48,60 x 60,,,18 x 18,HI
R1-2AP,TO ONCOMING TRAFFIC PLAQUE (for R 1-2),,24 x 18,,,,,,HI
R1-3P,ALLWAY PLAQUE,,18 x 6,,,,,,HI
R1-4-1,STOP SIGN REMOVED FROM SIDE STREET,,18 x 24,,,,,,HI
R1-5L,YIELD HERE TO PEDESTRIAN WITH LEFT ARROW,,36 x 36,,,,,,HI
R1-5R,YIELD HERE TO PEDESTRIAN WITH RIGHT ARROW,,36 x 36,,,,,,HI
R1-6,IN - STREET PEDESTRIAN CROSSING,,12 x 36,,,,,,HI
R2-1,SPEED LIMIT,,24 x 30,30 x 36,48 x 60,,,,HI
R2-101,TRUCK & BUS PLAQUE,,,,,,,,HI
R2-15,MAINTAIN SPEED THRU TUNNELS,,,,60 x 60,,,,HI
R2-2-1,TRUCKS OVER (____) LBS. SPEED,,30 x 36,,36 x 48,,,,HI
R2-9,NEXT (___),,,,,,,,HI
R3-1,NO RIGHT TURN,,24 x 24,36 x 36,,48 x 48,30 x 30,,HI
R3-10,HOV RESTRICTED LANE,,30 x 42,,78 x 96,,36 x 60,,HI
R3-101P,EXCEPT BUSES PLAQUE,,,,,,,,HI
R3-102P,TRUCKS OVER (____) FEET LONG PLAQUE,,,,,,,,HI
R3-103,PREFERENTIAL LANE,,72 x 60,,108 x 84,,96 x 72,,HI
R3-11A,HOV PREFERENTIAL LANE,,30 x 42,,78 x 96,,42 x 60,,HI
R3-12,HOV PREFERENTIAL LANE AHEAD,,30 x 42,,48 x 84,,36 x 60,,HI
R3-12A,HOV PREFERENTIAL LANE ENDS,,30 x 42,,48 x 84,,36 x 60,,HI
R3-15,HOV PREFERENTIAL LANE AHEAD OVERHEAD,,66 x 36,,102 x 60,,84 x 48,,HI
R3-15B,HOV PREFERENTIAL LANE ENDS OVERHEAD,,66 x 36,,102 x 60,,84 x 48,,HI
R3-17,BIKE LANE,,30 x 24,,,,,,HI
R3-2,NO LEFT TURN,,24 x 24,36 x 36,,48 x 48,30 x 30,,HI
R3-23,ALL TURNS FROM RIGHT LANE,,60 x 48,,,96 x 48,,,HI
R3-24,ALL TURNS (45° ARROW),,72 x 18,,,,,,HI
R3-3,NO TURNS,,24 x 24,36 x 36,,48 x 48,,,HI
R3-3-3,NO TURNS FROM SHOULDER,,24 x 30,,,,,,HI
R3-4,NO U-TURN,,24 x 24,36 x 36,,48 x 48,30 x 30,,HI
R3-5-1,U-TURN OK,,24 x 24,36 x 36,48 x 48,,,,HI
R3-5L,LEFT TURN,,30 x 36,,,,,,HI
R3-5R,RIGHT TURN,,30 x 36,,,,,,HI
R3-6LR,OPTIONAL LEFT OR RIGHT TURN,,30 x 36,,,,,,HI
R3-6LS,OPTIONAL LEFT TURN,,30 x 36,,,,,,HI
R3-6LSR,"OPTIONAL LEFT, STRAIGHT & RIGHT TURN",,30 x 36,,,,,,HI
R3-6SR,OPTIONAL RIGHT TURN,,30 x 36,,,,,,HI
R3-7-1L,ALL TRAFFIC MUST TURN LEFT,,30 x 30,36 x 36,,48 x 48,,,HI
R3-7-1R,ALL TRAFFIC MUST TURN RIGHT,,30 x 30,36 x 36,,48 x 48,,,HI
R3-7-2,LANE MUST TURN SUPPLEMENTARY PLAQUE,,30 x 30,,,,,,HI
R3-7C,CENTER LANE MUST TURN LEFT,,30 x 30,36 x 36,,48 x 48,,,HI
R3-7L,LEFT LANE MUST TURN LEFT,,30 x 30,36 x 36,,48 x 48,,,HI
R3-7LA,LEFT LANE MUST TURN LEFT (narrow),,24 x 48,,,,,,HI
R3-7R,RIGHT LANE MUST TURN RIGHT,,30 x 30,36 x 36,,48 x 48,,,HI
R3-7RA,RIGHT LANE MUST TURN RIGHT (narrow),,24 x 48,,,,,,HI
R3-8A,LANE USE CONTROL (TWO LANES) (Two Sheets),,,,,,,,HI
R3-8B,LANE USE CONTROL (THREE LANES),,48 x 30,,,,,,HI
R3-9A,TWO-WAY LEFT TURN ONLY,,30 x 36,,,,,,HI
R3-9B,CENTER LANE - LEFT TURN ONLY,,24 x 36,,,36 x 48,,,HI
R3-9CP,BEGIN PLAQUE,,,,,,,,HI
R3-9DP,END PLAQUE,,,,,,,,HI
R4-1,DO NOT PASS,,24 x 30,,48 x 60,,36 x 48,12 x 18,HI
R4-10,RUNAWAY VEHICLES ONLY,,48 x 48,,,,,,HI
R4-101,LEFT LANE NO BUSES,,,48 x 60,,,,,HI
R4-10-1,FORM SINGLE LANE,,,24 x 30,36 x 48,,,,HI
R4-102,LEFT LANE NO TRUCKS,24 x 30,,30 x 36,48 x 60,,,,HI
R4-103,NO TRUCKS BUSES TRAILERS LEFT LANE,,,48 x 60,,,,,HI
R4-104,TRUCKS BUSES RIGHT LANE ONLY,,,48 x 60,,,,,HI
R4-105,TRUCK MINIMUM SPEED LIMIT,,,84 x 78,102 x 96,,,,HI
R4-106,ENTER HERE,,24 x 30,,,36 x 48,,,HI
R4-107,KEEP OFF SHOULDER,,30 x 30,,,,,,HI
R4-11,BICYCLES MAY USE FULL LANE,,30 x 30,,,,,,HI
R4-16,KEEP RIGHT EXCEPT TO PASS,18 x 24,24 x 30,,48 x 60,,36 x 48,12 x 18,HI
R4-1A,NO PASSING ZONE AHEAD,,36 x 48,,,,,,HI
R4-2,PASS WITH CARE,,24 x 30,,48 x 60,,36 x 48,12 x 18,HI
R4-20,THRU TRAFFIC STAY LEFT,,,,60 x 60,,,,HI
R4-4,RIGHT TURN LANE / BIKES,,36 x 30,,,,,,HI
R4-5,TRUCKS USE RIGHT LANE,,24 x 30,,48 x 60,,36 x 48,,HI
R4-6,TRUCK LANE (____) FEET,,24 x 30,,48 x 60,,36 x 48,,HI
R4-7,KEEP RIGHT,,24 x 30,,48 x 60,,36 x 48,12 x 18,HI
R4-7B,KEEP RIGHT WITH 30° ARROW,,24 x 30,,48 x 60,,36 x 48,,HI
R4-8,KEEP LEFT,,24 x 30,,48 x 60,,36 x 48,,HI
R4-8B,KEEP LEFT WITH 30° ARROW,,24 x 30,,48 x 60,,36 x 48,,HI
R4-9,STAY IN LANE,,24 x 30,,48 x 60,,36 x 48,,HI
R5-1,DO NOT ENTER,,30 x 30,36 x 36,48 x 48,,,,HI
R5-101,EMERGENCY AND AUTHORIZED VEHICLES ONLY,,,,24 x 30,,,,HI
R5-102,SEMITRAILER MINIMUM UNDERCLEARANCE,,60 x 60,,,,,,HI
R5-103,VEHICLES OVER (____) (____) FOLLOW,,36 x 48,,,,,,HI
R5-104,VEHICLES OVER (____) TONS NO TURNS,,36 x 48,,,,,,HI
R5-105,SNOW EMERGENCY ROUTE,,36 x 48,,,,,,HI
R5-10C,NO PEDESTRIANS,,24 x 12,,,,,,HI
R5-1A,WRONG WAY,,36 x 24,48 x 30,,,,,HI
R5-2,NO TRUCK,,24 x 24,,36 x 36,48 x 48,30 x 30,,HI
R5-20,FLAM LIQ & EXP LOADS PROHIBITED IN TUNNEL,,,,48 x 72,,,,HI
R5-20-1,FLAM LIQ & EXP LOADS MUST USE NEXT EXIT,,,,48 x 72,,,,HI
R5-21,HAZARDOUS LOADS WITH PLACARDS PROHIBITED,,,,48 x 60,,,,HI
R5-21-1,HAZARDOUS MATERIALS MUST FOLLOW DETOUR,,,,48 x 60,,,,HI
R5-2-3,"EXCEPT LOCAL DELIVERIES (for R5-2, R12-1, R12-5A)",,,,,,,,HI
R5-2-4,TRUCK WEIGHT(LENGTH) RESTRICTION PANEL (for R5-2),,24 x 12,,,,,,HI
R5-2-5,EXCEPT LOCAL TRAFFIC,,30 x 30,,,,,,HI
R5-3,NO MOTOR VEHICLES,,24 x 24,,,,,24 x 24,HI
R5-3-1,MOTOR VEHICLES ONLY,,24 x 30,,,,,,HI
R5-3-1A,MOTOR VEHICLES AND BICYCLES ONLY,,,,36 x 48,,,,HI
R5-3-1B,BICYCLES MUST USE SHOULDER,,,,48 x 48,,,,HI
R5-3-1C,ALL BICYCLES MUST EXIT,,,,48 x 48,,,,HI
R5-3-1D,BICYCLE RESTRICTIONS,,,,36 x 24,,,,HI
R5-3-2,PEDESTRIANS ONLY,,24 x 12,,,,,,HI
R5-3-4,NO TRUCKS OR BUSES,,30 x 24,,,,,,HI
R5-3-5,NO RV'S BEYOND THIS POINT,,30 x 30,36 x 36,,,,,HI
R5-6,NO BICYCLES,,24 x 24,,,,30 x 30,18 x 18,HI
R6-1L,HORIZONTAL LEFT ONE-WAY,,36 x 12,54 x 18,,,,,HI
R6-1R,HORIZONTAL RIGHT ONE-WAY,,36 x 12,54 x 18,,,,,HI
R6-2L,VERTICAL LEFT ONE-WAY,18 x 24,24 x 30,30 x 36,,,,,HI
R6-2R,VERTICAL RIGHT ONE-WAY,18 x 24,24 x 30,30 x 36,,,,,HI
R6-3,DIVIDED HIGHWAY CROSSING,,30 x 24,,36 x 30,,,,HI
R6-3A,DIVIDED HIGHWAY SIDEROAD CROSSING,,30 x 24,,36 x 30,,,,HI
R6-4,ROUNDABOUT DIRECTIONAL (2 CHEVRONS),,30 x 24,,,,,,HI
R6-4A,ROUNDABOUT DIRECTIONAL (3 CHEVRONS),,48 x 24,,,,,,HI
R6-4B,ROUNDABOUT DIRECTIONAL (4 CHEVRONS),,60 x 24,,,,,,HI
R6-6,BEGIN ONE-WAY,,24 x 30,30 x 36,,36 x 48,,,HI
R6-7,END ONE-WAY,,24 x 30,30 x 36,,36 x 48,,,HI
R7-10,TEMPORARY NO PARKING,,12 x 18,,,,,,HI
R7-107A,NO PARKING BUS STOP,,12 x 30,,,,,,HI
R7-2,NO PARKING RESTRICTED HOURS,,12 x 18,,,,,,HI
R7-201AP,TOW-AWAY ZONE PLAQUE,,12 x 6,,,,,,HI
R7-203-1,SNOW EMERGENCY ROUTE NO PARKING,,18 x 24,,,,,,HI
R7-203-2,NO PARKING UNTIL SNOW IS REMOVED,,12 x 18,,,,,,HI
R7-301,NO PARKING ARROW PLAQUE (for R8-3),12 x 6,24 x 12,36 x 18,,,,,HI
R7-302,NO PARKING SYMBOL / ARROW,,12 x 18,,,,,,HI
R7-3-1,NO PARKING RESTRICTED DAYS,,12 x 18,,,,,,HI
R7-4,NO STANDING ANY TIME,,12 x 18,,,,,,HI
R7-4A,NO STOPPING OR STANDING,,12 x 18,,,24 x 36,,,HI
R7-5,LIMITED TIME PARKING,,12 x 18,,,,,,HI
R7-6-1,NO PARKING LOADING ZONE,,12 x 18,,,,,,HI
R7-8,RESERVED PARKING,,12 x 18,,,,,,HI
R7-8-1,RESERVED PARKING-STATE POLICE ONLY,,12 x 18,,,,,,HI
R7-8-2,RESERVED PARKING EDUCATIONAL PLAQUE (for R7-8),,12 x 10,,,,,,HI
R7-8-3,PERMIT PARKING FOR GOVERNOR'S RESIDENCE,,12 x 18,,,,,,HI
R7-8F,RESERVED PARKING PENALTIES,,12 x 18,,,,,,HI
R7-8P,VAN ACCESSIBLE PLAQUE,,12 x 6,,,,,,HI
R7-9,ONE HOUR PARKING EXCEPT TURNPIKE EMPLOYEES,,12 x 18,,,,,,HI
R8-10A,STOP HERE WHEN FLASHING,,24 x 30,,,36 x 42,,,HI
R8-20,NO STOPPING ON BRIDGE,,18 x 24,,,,24 x 30,,HI
R8-3,NO PARKING SYMBOL,,,,,,36 x 36,,HI
R8-3CP,NO PARKING ON PAVEMENT PLAQUE,12 x 12,24 x 18,,,,,,HI
R8-3GP-1,NO PARKING LOADING ZONE PLAQUE,12 x 12,24 x 18,,,,,,HI
R8-3HP-1,NO PARKING RESTRICTED HOURS PLAQUE (for R8-3),12 x 12,24 x 18,,,,,,HI
R8-4,EMERGENCY PARKING ONLY,,30 x 24,,48 x 36,,,,HI
R8-5,NO STOPPING ON PAVEMENT,,24 x 30,,48 x 60,,36 x 48,,HI
R8-7,EMERGENCY STOPPING ONLY,,30 x 24,,48 x 36,,,,HI
R8-8,DO NOT STOP ON TRACKS,,24 x 30,,,,36 x 48,,HI
R8-9,TRACKS OUT OF SERVICE,,36 x 36,,,,,,HI
R9-1,WALK ON LEFT FACING TRAFFIC,,18 x 24,,,,,,HI
R9-10,SIDEWALK CLOSED USE OTHER SIDE,,24 x 12,,,48 x 24,,,HI
R9-11A,SIDEWALK CLOSED CROSS HERE,,24 x 12,,,48 x 24,,,HI
R9-2,CROSS ONLY AT CROSSWALKS,,12 x 18,,,,,,HI
R9-3,NO PEDESTRIAN CROSSING,,18 x 18,,,,24 x 24,18 x 18,HI
R9-3BPL,USE CROSSWALK LEFT PLAQUE (for R9-3),,18 x 12,,,,,,HI
R9-3BPR,USE CROSSWALK RIGHT PLAQUE (for R9-3),,18 x 12,,,,,,HI
R9-4B,DO NOT PICK UP HITCHHIKERS,,24 x 30,,,,,,HI
R9-7,SHARED-USE PATH RESTRICTION,,,,,,,12 x 18,HI
R9-9,SIDEWALK CLOSED,,24 x 12,,,30 x 18,,,HI
R10-101,NO TURN ON RED WITH ONE-LINE RESTRICTION,,24 x 30,30 x 36,,,,,HI
R10-102,FORM TWO LANES WHEN METERED,,84 x 42,,,,,,HI
R10-103,RAMP METER ON WHEN FLASHING,,84 x 42,,,,,,HI
R10-10L,LEFT TURN SIGNAL,,30 x 36,,,,,,HI
R10-10R,RIGHT TURN SIGNAL,,30 x 36,,,,,,HI
R10-11,NO TURN ON RED SYMBOL,,24 x 30,36 x 48,,,,,HI
R10-11B,NO TURN ON RED SQUARE-SHAPED,,36 x 36,,,,,,HI
R10-11C,NO TURN ON RED EXCEPT FROM RIGHT LANE,,30 x 42,,,,,,HI
R10-11D,NO TURN ON RED FROM THIS LANE,,30 x 42,,,,,,HI
R10-12,LEFT TURN YIELD ON GREEN,,30 x 36,,,,,,HI
R10-13,EMERGENCY SIGNAL,,36 x 24,,,,,,HI
R10-15L,TURNING TRAFFIC MUST YIELD TO PEDESTRIANS (LEFT),,30 x 30,,,,,,HI
R10-15R,TURNING TRAFFIC MUST YIELD TO PEDESTRIANS (RIGHT),,30 x 30,,,,,,HI
R10-16,U-TURN YIELD TO RIGHT TURN,,30 x 36,,,,,,HI
R10-18,TRAFFIC LAWS PHOTO ENFORCED,,36 x 24,,54 x 36,,,,HI
R10-19AP,PHOTO ENFORCED PLAQUE,,24 x 18,,48 x 36,,36 x 30,,HI
R10-2,CROSS ON WALK SYMBOL ONLY,,9 x 12,,,,,,HI
R10-20AP,RESTRICTED HOURS PLAQUE - 24 WIDTH,,,,,,,,HI
R10-25,PUSH BUTTON TO TURN ON WARNING LIGHTS,,9 x 12,,,,,,HI
R10-28,ONE VEHICLE PER GREEN,,30 x 36,,,,,,HI
R10-29,ONE VEHICLE PER GREEN EACH LANE,,36 x 24,,,,,,HI
R10-3,PUSH BUTTON FOR WALKING PERSON SIGNAL,,9 x 12,,,,,,HI
R10-3B,EDUCATIONAL PUSH BUTTON FOR WALKING PERSON SIGNAL,,9 x 12,,,,,,HI
R10-3E,EDUC. PUSH BUTTON FOR WALK SIGNAL W/ COUNTDOWN TIMER,,9 x 15,,,,,,HI
R10-4,PUSH BUTTON FOR GREEN SIGNAL,,9 x 12,,,,,,HI
R10-5,LEFT ON GREEN ARROW ONLY,24 x 30,30 x 36,,,,,,HI
R10-6-1,LEFT LANE PLAQUE,,24 x 18,,,,,,HI
R10-6AL,"STOP HERE ON RED, (LEFT)",,24 x 30,,,,,,HI
R10-6AR,"STOP HERE ON RED, (RIGHT)",,24 x 30,,,,,,HI
R10-7,DO NOT BLOCK INTERSECTION,,24 x 30,,,,,,HI
R11-10,STREET CLOSED (____) TO (____),,18 x 24,,,,,,HI
R11-11,SNOWMOBILE ROAD - CLOSED TO ALL OTHER VEHICLES,,36 x 24,,,,,,HI
R11-11-1,ATV ROAD - CLOSED TO ALL OTHER VEHICLES,,36 x 24,,,,,,HI
R11-11-2,SNOWMOBILE - ATV ROAD/CLOSED TO ALL OTHER VEHICLES,,48 x 24,,,,,,HI
R11-2,ROAD CLOSED,,48 x 30,,,,,,HI
R11-2-1,BRIDGE CLOSED,,48 x 30,,,,,,HI
R11-3A,ROAD CLOSED - LOCAL TRAFFIC ONLY,,60 x 30,,,,,,HI
R11-3B,BRIDGE OUT - LOCAL TRAFFIC ONLY,,48 x 12,,,,,,HI
R11-4,ROAD CLOSED TO THRU TRAFFIC,,60 x 30,,,,,,HI
R11-6,CLOSED FOR THE SEASON,,36 x 30,,,,,,HI
R11-7,TRUCKS KEEP OFF SHOULDER,,30 x 30,,,,,,HI
R12-1,WEIGHT LIMIT (____) TONS,,24 x 30,,,36 x 48,,,HI
R12-1-2,BRIDGE (for R12-1 & W16-103P),,24 x 12,,,36 x 12,,,HI
R12-1-3,"WEIGHT LIMIT FOR SAFETY PLAQUE (for R5-2, R12-1, R12-5A)",,10 x 6,,,,,,HI
R12-1-4,SEASONAL WEIGHT LIMIT (for R12-1),,24 x 18,,,36 x 24,,,HI
R12-1A,BRIDGE LIMITED TO ONE TRUCK,,36 x 30,,,,,,HI
R12-5A,EXCEPT COMBINATIONS (____) TONS (for R12-1),,24 x 18,,,36 x 24,,,HI
R12-6,102-INCH WIDE TRAILER ADVANCE PROHIBITED,,,,,,,,HI
R12-6A,102-INCH WIDE TRAILER PROHIBITED,,,,,,,,HI
R13-1-1,ALL TRUCKS & BUSES MUST ENTER WEIGH STATION,,72 x 48,,120 x 84,,96 x 66,,HI
R13-2,ALL TRUCKS MUST ENTER REST AREA,,48 x 48,,,,,,HI
R14-1,TRUCK ROUTE,,24 x 18,,,,,,HI
R14-10,TRUCKS REDUCE GEAR,,48 x 36,,,,,,HI
R14-11,TRUCKS OVER (____) LBS GROSS WEIGHT REDUCE GEAR,,36 x 48,,,,,,HI
R14-12,REDUCED GEAR ZONE,,30 x 30,,,48 x 48,,,HI
R14-12-1,STAY IN REDUCED GEAR,,30 x 30,,36 x 36,,,,HI
R14-13,END REDUCED GEAR ZONE,,30 x 30,,,48 x 48,,,HI
R14-14,TRUCKS OVER (____) LBS STOP (____) FEET,,48 x 60,,,72 x 96,,,HI
R14-15,TRUCKS OVER (____) LBS WITH ARROW,,72 x 36,,,96 x 48,,,HI
R14-16(1),BEYOND EXIT (for R14-16-1),,60 x 12,,,96 x 24,,,HI
R14-16(2),BEYOND NEXT EXIT (for R14-16-1),,60 x 12,,,96 x 24,,,HI
R14-16(3),BEYOND NEXT INTERSECTION (for R14-16-1),,60 x 18,,,96 x 30,,,HI
R14-16-1,VEHICLES OVER (____) FT WIDE PROHIBITED,,60 x 60,,,96 x 96,,,HI
R14-17,"TRUCKS OVER 10,000 GVWR RIGHT LANE",,48 x 36,,,,,,HI
R14-17-1,VEHICLES OVER (____) FT IN HEIGHT PROHIBITED,,60 x 60,,,96 x 96,,,HI
R14-18,"TRUCKS OVER 10,000 GVWR ENTER",,48 x 36,,,,,,HI
R14-19,BUSES RIGHT LANE,,48 x 36,,,,,,HI
R14-2,HAZARDOUS MATERIAL ROUTE,,24 x 24,,36 x 36,48 x 48,30 x 30,,HI
R14-20,BUSES ENTER HERE,,48 x 36,,,,,,HI
R14-3,HAZARDOUS MATERIAL PROHIBITED,,24 x 24,,36 x 36,48 x 48,30 x 30,,HI
R14-6,WASTE TRUCKS PROHIBITED,,36 x 36,,,,,,HI
R14-9,BRAKE RETARDERS PROHIBITED,,30 x 36,,,,,,HI
R14-9A,END BRAKE RETARDER PROHIBITION,,36 x 30,,,,,,HI
R15-1,RAILROAD CROSSBUCK,,48 x 9,,,,,24 x 4.5,HI
R15-101,HIGH SPEED TRAINS,,24 x 24,,,,,,HI
R15-2P,TRACKS PLAQUE (for R15-1),,27 x 9,,,,,13.5 x 9,HI
R15-3P,EXEMPT RAILROAD CROSSING PLAQUE,,24 x 12,,,,,,HI
R16-1,SCHOOL BUS LAW,,36 x 36,,,,,,HI
R16-101,NO CRUISING,,36 x 48,,,,,,HI
R16-102,WET PAINT,,24 x 24,,,,,,HI
R16-103,"NO FISHING, DIVING OR LOITERING",,18 x 18,,,,,,HI
R16-104,USE FLASHERS BELOW (____) MPH,,,,48 x 60,,,,HI
R16-4,FENDER BENDER?,,162 x 72,,,,,,HI
R16-8,TURN ON HEADLIGHTS,,30 x 15,,60 x 30,,78 x 36,,HI
R16-9,CHECK HEADLIGHTS,,30 x 15,,60 x 30,,78 x 36,,HI
R1-9,OVERHEAD PEDESTRIAN CROSSING,,90 x 24,,,,,,HI
R20-4,THREE OR MORE AXLE TRUCKS,,24 x 18,,,,,,HI
R2-10,BEGIN HIGHER FINES ZONE,,24 x 30,,48 x 60,,36 x 48,,HI
R2-11,END HIGHER FINES ZONE,,24 x 30,,48 x 60,,36 x 48,,HI
R22-1,WORK ZONE-TURN ON HEADLIGHTS,,48 x 36,,72 x 48,,,,HI
R2-6AP,FINES DOUBLE PLAQUE,,24 x 18,,48 x 36,,36 x 24,,HI
R2-6P,FINES HIGHER PLAQUE,,24 x 18,,48 x 36,,36 x 24,,HI
R3-20L,BEGIN LEFT TURN LANE,,24 x 36,,,,,,HI
R3-20R,BEGIN RIGHT TURN LANE,,24 x 36,,,,,,HI
R3-23A,U TURN FROM RIGHT LANE,,60 x 36,,,,,,HI
R3-24A,U AND LEFT TURNS (45Â° ARROW),,60 x 24,,,,,,HI
R3-24B,U TURN (45Â° ARROW),,72 x 18,,,,,,HI
R3-25,ALL TURNS (RIGHT ARROW),,72 x 18,,,,,,HI
R3-25A,U AND LEFT TURNS (RIGHT ARROW),,60 x 24,,,,,,HI
R3-25B,U TURN (RIGHT ARROW),,72 x 18,,,,,,HI
R3-26,U AND LEFT TURNS (STRAIGHT ARROW),,60 x 24,,,,,,HI
R3-26A,U TURN (STRAIGHT ARROW),,72 x 18,,,,,,HI
R3-5A,STRAIGHT-THROUGH,,30 x 36,,,,,,HI
R4-7C,KEEP RIGHT (NARROW),,18 x 30,,,,,,HI
R4-8C,KEEP LEFT (NARROW),,18 x 30,,,,,,HI
R7-100,NO IDLING,,24 x 24,,,48 x 48,,,HI
S 1-1,SCHOOL,30 x 30,36 x 36,,,48 x 48,,,DG
S 3-1,SCHOOL BUS STOP AHEAD,30 x 30,36 x 36,,,48 x 48,,,DG
S 3-2,SCHOOL BUS TURN AHEAD,30 x 30,36 x 36,,,48 x 48,,,DG
S 3-3,SCHOOL BUS CROSSING,30 x 30,36 x 36,,,48 x 48,,,DG
S 4-3P,SCHOOL (panel),,24 x 8,,,36 x 12,,,DG
S 4-4P,WHEN FLASHING,,24 x 10,,,36 x 18,,,DG
S 4-5,REDUCED SPEED (SCHOOL) ZONE AHEAD,30 x 30,36 x 36,,,48 x 48,,,DG
S 5-2,END SCHOOL ZONE,,24 x 30,,,36 x 48,,,DG
W1-10BL,LEFT CURVE -- DIVERGING MINOR RIGHT SIDE ROAD,,30 x 30,36 x 36,48 x 48,,,,DG
W1-10BR,RIGHT CURVE -- DIVERGING MINOR LEFT SIDE ROAD,,30 x 30,36 x 36,48 x 48,,,,DG
W1-10CL,LEFT CURVE -- CONVERGING MINOR RIGHT SIDE ROAD,,30 x 30,36 x 36,48 x 48,,,,DG
W1-10CR,RIGHT CURVE -- CONVERGING MINOR LEFT SIDE ROAD,,30 x 30,36 x 36,48 x 48,,,,DG
W1-10L,LEFT CURVE RIGHT SIDE ROAD,,36 x 36,,48 x 48,,,,DG
W1-10R,RIGHT CURVE LEFT SIDE ROAD,,36 x 36,,48 x 48,,,,DG
W1-11L,LEFT HORSESHOE CURVE,,30 x 30,36 x 36,48 x 48,,,,DG
W1-11R,RIGHT HORSESHOE CURVE,,30 x 30,36 x 36,48 x 48,,,,DG
W1-13L,TRUCK ROLLOVER LEFT CURVE,,,,48 x 48,,,,DG
W1-13R,TRUCK ROLLOVER RIGHT CURVE,,,,48 x 48,,,,DG
W1-1L,LEFT TURN,,30 x 30,36 x 36,48 x 48,,,18 x 18,DG
W1-1LR,LEFT TURN WITH SIDE ROAD RIGHT (symbol),,30 x 30,36 x 36,48 x 48,,,,DG
W1-1LS,LEFT TURN WITH SIDE ROAD STRAIGHT AHEAD (symbol),,30 x 30,36 x 36,48 x 48,,,,DG
W1-1R,RIGHT TURN,,30 x 30,36 x 36,48 x 48,,,18 x 18,DG
W1-1RL,RIGHT TURN WITH SIDE ROAD LEFT (symbol),,30 x 30,36 x 36,48 x 48,,,,DG
W1-1RS,RIGHT TURN WITH SIDE ROAD STRAIGHT AHEAD (symbol),,30 x 30,36 x 36,48 x 48,,,,DG
W1-2L,LEFT CURVE,,30 x 30,36 x 36,48 x 48,,,18 x 18,DG
W1-2R,RIGHT CURVE,,30 x 30,36 x 36,48 x 48,,,18 x 18,DG
W1-3L,LEFT REVERSE TURN,,30 x 30,36 x 36,48 x 48,,,18 x 18,DG
W1-3R,RIGHT REVERSE TURN,,30 x 30,36 x 36,48 x 48,,,18 x 18,DG
W1-4BL,TWO-LANE LEFT REVERSE CURVE,,36 x 36,,48 x 48,,,,DG
W1-4BR,TWO-LANE RIGHT REVERSE CURVE,,36 x 36,,48 x 48,,,,DG
W1-4L,LEFT REVERSE CURVE,,30 x 30,36 x 36,48 x 48,,,18 x 18,DG
W1-4R,RIGHT REVERSE CURVE,,30 x 30,36 x 36,48 x 48,,,18 x 18,DG
W1-5-1,WINDING ROAD NEXT (____) MILES,,36 x 36,,,,,,DG
W15-2,WATCH CHILDREN,,30 x 30,36 x 36,,,,,DG
W1-5L,LEFT WINDING ROAD,,30 x 30,36 x 36,48 x 48,,,18 x 18,DG
W1-5R,RIGHT WINDING ROAD,,30 x 30,36 x 36,48 x 48,,,18 x 18,DG
W1-6,LARGE SINGLE ARROW,,48 x 24,,96 x 48,120 x 60,,24 x 12,DG
W16-5PR,90° TURN - RIGHT ARROW PLAQUE,,24 x 18,,,,,,DG
W1-7,LARGE DOUBLE ARROW,,48 x 24,,96 x 48,120 x 60,,24 x 12,DG
W1-8,CHEVRON ALIGNMENT,18 x 24,24 x 30,30 x 36,36 x 48,,,,DG
W2-1,CROSS ROAD,,30 x 30,36 x 36,48 x 48,,,18 x 18,DG
W2-2,SIDE ROAD,,30 x 30,36 x 36,48 x 48,,,18 x 18,DG
W2-3-1L,CURVE - SIDE ROAD LEFT,,30 x 30,36 x 36,48 x 48,,,,DG
W2-3-1R,CURVE - SIDE ROAD RIGHT,,30 x 30,36 x 36,48 x 48,,,,DG
W2-3L,45° SIDE ROAD LEFT,,30 x 30,36 x 36,48 x 48,,,18 x 18,DG
W2-3R,45° SIDE ROAD RIGHT,,30 x 30,36 x 36,48 x 48,,,18 x 18,DG
W2-4,T SYMBOL,,30 x 30,36 x 36,48 x 48,,,18 x 18,DG
W2-5,Y SYMBOL,,30 x 30,36 x 36,48 x 48,,,18 x 18,DG
W2-5-1L,Y SYMBOL SECONDARY LEFT,,30 x 30,36 x 36,48 x 48,,,,DG
W2-5-1R,Y SYMBOL SECONDARY RIGHT,,30 x 30,36 x 36,48 x 48,,,,DG
W2-6,CIRCULAR INTERSECTION,24 x 24,30 x 30,36 x 36,48 x 48,,,,DG
W2-7L,OFFSET SIDE ROADS LEFT,,30 x 30,36 x 36,48 x 48,,,,DG
W2-7R,OFFSET SIDE ROADS RIGHT,,30 x 30,36 x 36,48 x 48,,,,DG
W2-8,DOUBLE SIDE ROAD,,30 x 30,36 x 36,48 x 48,,,,DG
W3-1,STOP AHEAD,,36 x 36,,48 x 48,,,18 x 18,DG
W3-2,YIELD AHEAD,,36 x 36,,48 x 48,,,18 x 18,DG
W3-3,SIGNAL AHEAD,,36 x 36,,48 x 48,,,18 x 18,DG
W3-3-3,SIGNAL OUT OF SERVICE,,36 x 36,,48 x 48,,,,DG
W3-4,BE PREPARED TO STOP,,36 x 36,,48 x 48,,,,DG
W3-4A,POLICE CONTROL AHEAD,,36 x 36,,48 x 48,,,,DG
W3-5,SPEED REDUCTION SIGN,,36 x 36,,48 x 48,,,D 9-14,DG
W4-13,WEAVE AREA,,36 x 36,,,,,,DG
W4-1L,MERGE LEFT,,36 x 36,,48 x 48,,,,DG
W4-1R,MERGE RIGHT,,36 x 36,,48 x 48,,,,DG
W4-2L,PAVEMENT WIDTH TRANSITION - LEFT LANE ENDS,,36 x 36,,48 x 48,,,,DG
W4-2R,PAVEMENT WIDTH TRANSITION - RIGHT LANE ENDS,,36 x 36,,48 x 48,,,,DG
W4-3L,LEFT ADDED LANE,,,,48 x 48,,,,DG
W4-3R,RIGHT ADDED LANE,,,,48 x 48,,,,DG
W4-4APL,TRAFFIC FROM LEFT DOES NOT STOP PLAQUE,,30 x 15,,36 x 18,,,,DG
W4-4APR,TRAFFIC FROM RIGHT DOES NOT STOP PLAQUE,,30 x 15,,36 x 18,,,,DG
W4-4BP,ONCOMING TRAFFIC DOES NOT STOP PLAQUE,,30 x 15,,36 x 18,,,,DG
W4-4P,CROSS TRAFFIC DOES NOT STOP PLAQUE,,30 x 15,,36 x 18,,,,DG
W4-5,ENTERING ROADWAY MERGE,30 x 30,36 x 36,,48 x 48,,,,DG
W4-5P,NO MERGE AREA PLAQUE,,18 x 24,,24 x 30,,,,DG
W5-1,ROAD NARROWS,,36 x 36,,,,,,DG
W5-1-1,NARROW ROAD NEXT (____) MILES,,36 x 36,,,,,,DG
W5-2,NARROW BRIDGE,,36 x 36,,48 x 48,,,18 x 18,DG
W5-2A,NARROW UNDERPASS,,30 x 30,36 x 36,,,,,DG
W5-3,ONE LANE BRIDGE,,36 x 36,,48 x 48,,,,DG
W5-3A,ONE LANE UNDERPASS,,36 x 36,,48 x 48,,,,DG
W5-3B,TWO ONE LANE BRIDGES,,36 x 36,,48 x 48,,,,DG
W5-4,RAMP NARROWS,,36 x 36,,48 x 48,,,,DG
W5-4-1,LANES NARROW,,36 x 36,,48 x 48,,,,DG
W5-5,LANES SHIFT,,36 x 36,,48 x 48,,,,DG
W6-1,DIVIDED HIGHWAY - DIVIDED HIGHWAY ENDS,,36 x 36,,48 x 48,,,,DG
W6-3,TWO - WAY TRAFFIC,,36 x 36,,48 x 48,,,,DG
W7-1,HILL,,30 x 30,36 x 36,48 x 48,,,,DG
W7-3AP,NEXT (____) MILES PLAQUE (for W7-1),,24 x 18,,30 x 24,,,,DG
W7-3BP,(____) GRADE / (____) MILES PLAQUE (for W7-1),,24 x 18,,30 x 24,,,,DG
W7-3P,GRADE PLAQUE (for W7-1),,24 x 18,,30 x 24,,,,DG
W7-4,ADVANCE RUNAWAY TRUCK RAMP,,78 x 48,,,144 x 72,,,DG
W7-4B,RUNAWAY TRUCK RAMP EXIT (right diag. arrow),,78 x 60,,,114 x 72,,,DG
W7-4DP,SAND PLAQUE,,78 x 18,,,144 x 24,,,DG
W7-4EP,GRAVEL PLAQUE,,78 x 18,,,144 x 24,,,DG
W7-4FP,PAVED PLAQUE,,78 x 18,,,144 x 24,,,DG
W7-6,HILL BLOCKS VIEW,,30 x 30,36 x 36,,,,,DG
W8-1,BUMP,,30 x 30,36 x 36,,,,18 x 18,DG
W8-101,RUMBLE STRIPS AHEAD,,36 x 36,,48 x 48,,,,DG
W8-102,CENTER LINE RUMBLE STRIPS,,36 x 36,,48 x 48,,,,DG
W8-103,OPEN GRATE BRIDGE,,36 x 36,,,,,,DG
W8-104,WATCH FOR ICE,,36 x 36,,48 x 48,,,,DG
W8-105,WATCH FOR MUD,,36 x 36,,48 x 48,,,,DG
W8-106,MUD SLIDE AREA,,36 x 36,,,,,,DG
W8-107,SLIPPERY WINTER CONDITIONS,,,,48 x 48,,,,DG
W8-108 & W8-108P,ANTI-ICING IN PROGRESS AND WHEN FLASHING,,36 x 36,,48 x 48,,,,DG
W8-108 &W8-108P,ANTI-ICING IN PROGRESS AND WHEN FLASHING,,36 x 36,,48 x 48,,,,DG
W8-11,UNEVEN LANES,,36 x 36,,48 x 48,,,,DG
W8-13,BRIDGE ICES BEFORE ROAD,,36 x 36,,48 x 48,,,,DG
W8-13B,BRIDGE MAY BE SLIPPERY,,36 x 36,,48 x 48,,,,DG
W8-14,FALLEN ROCKS,,30 x 30,36 x 36,48 x 48,,,,DG
W8-15,GROOVED PAVEMENT,,36 x 36,,48 x 48,,,,DG
W8-18,ROAD MAY FLOOD,,36 x 36,,,,,,DG
W8-2,DIP,,30 x 30,36 x 36,,,,18 x 18,DG
W8-21,GUSTY WINDS AREA,,36 x 36,,48 x 48,,,,DG
W8-22,FOG AREA,,,,48 x 48,,,,DG
W8-3,PAVEMENT ENDS,,36 x 36,,,,,18 x 18,DG
W8-4,SOFT SHOULDER,30 x 30,36 x 36,,,,,,DG
W8-5,SLIPPERY WHEN WET,,30 x 30,36 x 36,48 x 48,,,,DG
W8-5P,SLIPPERY WHEN WET PLAQUE,,24 x 18,,30 x 24,,,,DG
W8-7,LOOSE GRAVEL,30 x 30,36 x 36,,,,,,DG
W8-8,ROUGH ROAD,30 x 30,36 x 36,,,,,,DG
W8-9,LOW SHOULDER,30 x 30,36 x 36,,,,,,DG
W9-1L,LEFT LANE ENDS,30 x 30,36 x 36,,48 x 48,,,,DG
W9-1R,RIGHT LANE ENDS,30 x 30,36 x 36,,48 x 48,,,,DG
W9-2L,LANE ENDS MERGE LEFT,30 x 30,36 x 36,,48 x 48,,,,DG
W9-2R,LANE ENDS MERGE RIGHT,30 x 30,36 x 36,,48 x 48,,,,DG
W9-3,CENTER LANE CLOSED,,36 x 36,,48 x 48,,,,DG
W9-3A,CENTER LANE MUST SHIFT LEFT,,30 x 30,36 x 36,48 x 48,,,,DG
W10-1,RAILROAD WARNING,,,,,,,24 DIA.,DG
W10-1AP,EXEMPT RAILROAD WARNING PLAQUE (for W10-1),,24 x 12,,,,,,DG
W10-1B,BICYCLISTS DISMOUNT,,18 x 18,,24 x 24,,,,DG
W10-2,RAILROAD CROSSING AT CROSS ROAD,,36 x 36,,48 x 48,,,,DG
W10-3,RAILROAD CROSSING ON SIDE ROAD,,36 x 36,,48 x 48,,,,DG
W10-4,RR CROSSING ON STEM OF T INTERSECTION (RIGHT),,36 x 36,,48 x 48,,,,DG
W10-4A,RR CROSSING ON STEM OF T INTERSECTION (LEFT),,36 x 36,,48 x 48,,,,DG
W10-5,LOW GROUND CLEARANCE HIGHWAY-RAIL GRADE CROSSING,,36 x 36,,,,,,DG
W10-5P,LOW GROUND CLEARANCE HIGHWAY-RAIL GRADE CROSSING PLAQUE,,24 x 18,,,,,,DG
W10-9P,NO TRAIN HORN PLAQUE,,24 x 18,,,,,,DG
W11-1,BICYCLE WARNING,,30 x 30,36 x 36,,,,18 x 18,DG
W11-10,TRUCK CROSSING,,30 x 30,36 x 36,48 x 48,,,,DG
W11-101,HOSPITAL,,30 x 30,36 x 36,,,,,DG
W11-10-1,HEAVY EQUIPMENT CROSSING,,30 x 30,36 x 36,,,,,DG
W11-102,CHURCH,,30 x 30,36 x 36,,,,,DG
W11-103,HIDDEN DRIVEWAY,,30 x 30,36 x 36,,,,,DG
W11-104,BRIDLE PATH,,30 x 30,36 x 36,,,,,DG
W11-105,LEFT TURNS AND CROSS TRAFFIC,,,,48 x 48,60 x 60,,,DG
W11-106,LEFT TURNS,,30 x 30,36 x 36,,,,,DG
W11-107,WATCH FOR TURNS,,30 x 30,36 x 36,,,,,DG
W11-108,IMPAIRED CHILD,,30 x 30,36 x 36,,,,,DG
W11-11,GOLF CART CROSSING,,30 x 30,36 x 36,,,,,DG
W11-12,PLANT ENTRANCE,,30 x 30,36 x 36,,,,,DG
W11-12P,EMERGENCY SIGNAL AHEAD PLAQUE,,36 x 30,,,,,,DG
W11-13,PARK ENTRANCE,,30 x 30,36 x 36,,,,,DG
W11-14,HORSEDRAWN VEHICLE,,30 x 30,36 x 36,,,,,DG
W11-15,COMBINED BICYCLE / PEDESTRIAN,24 x 24,30 x 30,36 x 36,48 x 48,,,18 x 18,DG
W11-15P,TRAIL X-ING PLAQUE,,24 x 18,,30 x 24,36 x 30,,,DG
W11-2,PEDESTRIAN,,30 x 30,36 x 36,,,,18 x 18,DG
W11-20,ELK CROSSING,,30 x 30,36 x 36,,,,,DG
W11-25,BLIND PEDESTRIAN CROSSING,,30 x 30,36 x 36,,,,,DG
W11-26,DUCK CROSSING,,30 x 30,36 x 36,,,,,DG
W11-27,TANK CROSSING,,30 x 30,36 x 36,,,,,DG
W11-28,CEMETERY ENTRANCE,,30 x 30,36 x 36,,,,,DG
W11-2A,RAISED PEDESTRIAN CROSSING,,30 x 30,36 x 36,,,,,DG
W11-2B,HIKER CROSSING,,30 x 30,36 x 36,,,,,DG
W11-3,DEER CROSSING,,30 x 30,36 x 36,48 x 48,,,,DG
W11-4,CATTLE CROSSING,,30 x 30,36 x 36,,,,,DG
W11-5,FARM MACHINERY,,30 x 30,36 x 36,,,,,DG
W11-6,SNOWMOBILE CROSSING,,30 x 30,36 x 36,,,,,DG
W11-6-1,ATV CROSSING,,30 x 30,36 x 36,,,,,DG
W11-7,EQUESTRIAN CROSSING,,30 x 30,36 x 36,,,,,DG
W11-8,FIRE STATION,,30 x 30,36 x 36,,,,,DG
W11-8-2,EMERGENCY VEHICLE ENTRANCE,,30 x 30,36 x 36,,,,,DG
W11-9,HANDICAPPED AREA,,30 x 30,36 x 36,,,,,DG
W12-1,DOUBLE ARROW,,36 x 36,,,,,,DG
W12-2,LOW CLEARANCE,,36 x 36,,48 x 48,,,18 x 18,DG
W12-2-3,ON SHOULDER,,36 x 18,,48 x 24,,,,DG
W12-2A,LOW CLEARANCE (overhead),,78 x 24,,,,,,DG
W13-1P,ADVISORY SPEED PLAQUE,,,,,,,,DG
W13-2,ADVISORY EXIT SPEED,,,,48 x 60,,,,DG
W13-3,ADVISORY RAMP SPEED,,,,48 x 60,,,,DG
W14-11,VEHICLES ARE CLOSER THAN THEY APPEAR,,18 x 18,,,,,,DG
W14-12,SLOW MOVING VEHICLES,,,,48 x 48,60 x 60,,,DG
W14-13,LOW FLYING AIRCRAFT,,,,48 x 48,,,,DG
W14-15,TRAFFIC SURVEY,,36 x 36,,48 x 48,,,,DG
W14-16,BALLOON LAUNCH AREA,,36 x 36,,48 x 48,,,,DG
W14-2,NO OUTLET,,30 x 30,36 x 36,,,,,DG
W14-20,EFFECTIVE HOURS (panel) - 24 WIDTH,,,,,,,,DG
W14-2-1,NO THRU STREEET,,36 x 36,,,,,,DG
W14-22,ARE YOUR TURN SIGNALS ON ?,,48 x 24,,,,,,DG
W14-2AL,NO OUTLET (LEFT ARROW),,36 x 8,,,,,,DG
W14-2AR,NO OUTLET (RIGHT ARROW),,36 x 8,,,,,,DG
W14-3,NO PASSING ZONE (pennant),,48 x 36,,,,,,DG
W14-5,NO WINTER MAINTENANCE,,30 x 30,36 x 36,,,,,DG
W14-6,CONGESTED AREA NEXT (____) MILE(S),,,,60 x 60,,,,DG
W14-7,WATCH FOR STOPPED VEHICLES,,36 x 36,,48 x 48,60 x 60,,,DG
W14-9,TRUCK WEIGHING AHEAD,,36 x 36,,48 x 48,,,,DG
W15-1,PLAYGROUND,,30 x 30,36 x 36,,,,18 x 18,DG
W16-101,SHARE THE ROAD,,30 x 30,36 x 36,,,,,DG
W16-10-1,RED LIGHT PHOTO ENFORCED,,30 x 30,,,,48 x 48,,DG
W16-102P,CONSPICUITY PLAQUE,,18 x 18,,,,,,DG
W16-103P,DISTANCE AHEAD PLAQUE,,24 x 18,,,36 x 24,,,DG
W16-10AP,PHOTO ENFORCED PLAQUE,,24 x 18,,,,36 x 30,,DG
W16-12P,TRAFFIC CIRCLE PLAQUE,,24 x 18,,,,,,DG
W16-17P,ROUNDABOUT PLAQUE,,24 x 12,,,,,,DG
W16-4P,NEXT (___) FEET (black-on-yellow) PLAQUE,,30 x 24,,,,,,DG
W16-5PL,90° TURN - LEFT ARROW PLAQUE,,24 x 18,,,,,,DG
W16-6PL,ADVANCE 90° TURN - LEFT ARROW PLAQUE,,24 x 18,,,,,,DG
W16-6PR,ADVANCE 90° TURN - RIGHT ARROW PLAQUE,,24 x 18,,,,,,DG
W16-7P,DIAGONAL DOWNWARD POINTING ARROW PLAQUE,,24 x 12,,,30 x 18,,24 x 12,DG
W16-8AP,DOUBLE-LINE ADVANCE STREET NAME PLAQUE,,48 x 16,72 x 24,,,,,DG
W16-8P,SINGLE-LINE ADVANCE STREET NAME PLAQUE,,,,,,,,DG
W16-9P,AHEAD PLAQUE,,24 x 12,36 x 24,,,48 x 30,24 x 12,DG
W17-1,SPEED HUMP,,30 x 30,36 x 36,,,,,DG
W19-1,FREEWAY ENDS XX MILE(S),,,,144 x 48,,,,DG
W19-2,EXPRESSWAY ENDS XX MILE(S),,,,144 x 48,,,,DG
W19-3,FREEWAY ENDS,,,,48 x 48,60 x 60,,,DG
W19-4,EXPRESSWAY ENDS,,,,48 x 48,60 x 60,,,DG
W20-1,ROAD WORK,,36 x 36,,48 x 48,60 x 60,,,DG
W20-101,LANES BLOCKED AHEAD,,36 x 36,,48 x 48,,,,DG
W20-102,TRAFFIC ENFORCEMENT ZONE,,,,48 x 48,,,,DG
W20-103,ARROW,,30 x 30,36 x 36,,,,,DG
W20-10A,BE PREPARED TO STOP NEXT (__) MI,,36 x 36,,48 x 48,,,,DG
W20-11,SOBRIETY CHECK POINT AHEAD,,,,48 x 48,,,,DG
W20-12,SAFETY CHECK POINT AHEAD,,,,48 x 48,,,,DG
W20-13,TUNNEL TEMPORARILY CLOSED,,30 x 30,36 x 36,,,,,DG
W20-15,EXPECT DELAYS,,36 x 36,,48 x 48,,,,DG
W20-16,ROAD SURVEY NEXT (____) MILE,,36 x 36,,48 x 48,,,,DG
W20-17,END ROADWAY SURVEY,,30 x 30,,,,,,DG
W20-1S,RECTANGULAR ROAD WORK,,36 x 36,,,,,,DG
W20-2,ADVANCE DETOUR,,36 x 36,,48 x 48,,,,DG
W20-3,ROAD CLOSED,,36 x 36,,48 x 48,,,,DG
W20-3A,ROAD OPEN,,48 x 36,,,,,,DG
W20-4,ONE LANE ROAD,,36 x 36,,48 x 48,,,,DG
W20-5-3,RECTANGULAR LEFT LANE CLOSED,,36 x 48,,,,,,DG
W20-5-4,RECTANGULAR RIGHT LANE CLOSED,,36 x 48,,,,,,DG
W20-5AL,LEFT TWO LANES CLOSED,,,,48 x 48,,,,DG
W20-5AR,RIGHT TWO LANES CLOSED,,,,48 x 48,,,,DG
W20-5L,LEFT LANE CLOSED,,36 x 36,,48 x 48,,,,DG
W20-5R,RIGHT LANE CLOSED,,36 x 36,,48 x 48,,,,DG
W20-7,FLAGGER SYMBOL,,36 x 36,,48 x 48,,,,DG
W20-9,TEMPORARY ROADWAY,,36 x 36,,48 x 48,,,,DG
W20-99,TUNNEL LANE CLOSED,,36 x 36,,48 x 48,,,,DG
W21-10,STOP AND SLOW (paddle),18 x 18,24 x 24,,,,,,DG
W21-101,RAMP WORK AHEAD,,,,48 x 48,,,,DG
W21-102,WORK AREA AHEAD,,36 x 36,,48 x 48,,,,DG
W21-103,RECTANGULAR WORK AREA AHEAD,,36 x 48,,,,,,DG
W21-11,BRIDGE INSPECTION AHEAD,,36 x 36,,48 x 48,,,,DG
W21-12,SAND BLASTING AHEAD CLOSE WINDOWS,,60 x 36,,,,,,DG
W21-14,MOWING NEXT (____) MI,,36 x 36,,48 x 48,,,,DG
W21-15,COUNTER INSTALLATION AHEAD,,36 x 36,,48 x 48,,,,DG
W21-16,NO PAVEMENT MARKINGS,,36 x 36,,48 x 48,,,,DG
W21-18,LITTER CREW AHEAD,,36 x 36,,48 x 48,,,,DG
W21-18A,LITTER CREW AHEAD (Square),,36 x 36,,48 x 48,,,,DG
W21-19,ACTIVE WORK ZONE WHEN FLASHING,,36 x 36,,48 x 48,,,,DG
W21-2,FRESH OIL,,30 x 30,36 x 36,,,,,DG
W21-20,END ACTIVE WORK ZONE,,36 x 36,,48 x 48,,,,DG
W21-2-1,TRAVEL AT YOUR OWN RISK,,30 x 30,,,,,,DG
W21-5,SHOULDER WORK,,30 x 30,36 x 36,48 x 48,,,,DG
W21-5-1,FRESH OIL AND CHIPS,,36 x 36,,,,,,DG
W21-5-2,OIL AND CHIPPING AHEAD,,36 x 36,,,,,,DG
W21-5BL,LEFT SHOULDER CLOSED (_),,30 x 30,36 x 36,48 x 48,,,,DG
W21-5BR,RIGHT SHOULDER CLOSED (_),,30 x 30,36 x 36,48 x 48,,,,DG
W21-6,SURVEY CREW,,36 x 36,,48 x 48,,,,DG
W21-7,UTILITY WORK AHEAD,,36 x 36,,,,,,DG
W21-9A,NO GUIDE RAIL,,30 x 30,36 x 36,48 x 48,,,,DG
W22-1,BLASTING ZONE AHEAD,,,,48 x 48,,,,DG
W22-2,TURN OFF 2-WAY RADIOS AND CELL PHONES,,,,48 x 36,,,,DG
W22-3,END BLASTING ZONE,,,,42 x 36,,,,DG
W23-101,THIS BRIDGE TO BE CLOSED FOR MAINTENANCE,,96 x 48,,,,,,DG
W23-102,ROAD TO BE OILED NEXT WEEK,,36 x 36,,,,,,DG
W23-103,END OF PROPOSED OILING,,36 x 36,,,,,,DG
W23-2,NEW TRAFFIC PATTERN AHEAD,,36 x 36,,,,,,DG
W24-1AL & W24-1A,RTWO LANE DOUBLE REVERSE CURVE,,30 x 30,36 x 36,48 x 48,,,,DG
W24-1AL & W24-1AR,TWO LANE DOUBLE REVERSE CURVE,,30 x 30,36 x 36,48 x 48,,,,DG
W24-1BL & W24-1B,THREE LANE DOUBLE REVERSE CURVE,,30 x 30,36 x 36,48 x 48,,,,DG
W24-1BL & W24-1BR,THREE LANE DOUBLE REVERSE CURVE,,30 x 30,36 x 36,48 x 48,,,,DG
W24-1L & W24-1R,SINGLE LANE DOUBLE REVERSE CURVE,,30 x 30,36 x 36,48 x 48,,,,DG
W25-1,ONCOMING TRAFFIC HAS EXTENDED GREEN,,24 x 30,,,,,,DG
W25-101,INCIDENT AHEAD,,36 x 36,,48 x 48,,,,DG
W25-102,TRUCK INSPECTION AHEAD,,36 x 36,,48 x 48,,,,DG
W25-2,ONCOMING TRAFFIC MAY HAVE EXTENDED GREEN,,24 x 30,,,,,,DG
W25-3,BUS INSPECTION AHEAD,,36 x 36,,48 x 48,,,,DG
W25-4,EXIT GORE,,,,48 x 48,,,,DG
W25-5,CONSTRUCTION ENTRANCE AHEAD,,36 x 36,,48 x 48,,,,DG
W30-1-1,DISTANCE (500 FT) (panel),,20 x 6,,30 x 10,,,,DG
W30-1-2,DISTANCE (1000 FT) (panel),,20 x 6,,30 x 10,,,,DG
W30-1-3,DISTANCE (1500 FT) (panel),,20 x 6,,30 x 10,,,,DG
W30-1-4,DISTANCE (1/2 MILE) (panel),,20 x 6,,30 x 10,,,,DG
W30-1-5,DISTANCE (1 MILE) (panel),,20 x 6,,30 x 10,,,,DG
W30-1-6,DISTANCE (AHEAD) (panel),,20 x 6,,30 x 10,,,,DG
W35-1,SAFETY CORRIDOR - FINES DOUBLED NEXT XX MILES,,60 X 36,,120 X 54,,,,DG
W35-2,END FINES DOUBLED CORRIDOR,,60 X 36,,108 X 54,,,,DG
W8-17L,SHOULDER DROP OFF LEFT,,30 x 30,36 x 36,48 x 48,,,,DG
W8-17P,SHOULDER DROP-OFF PLAQUE,,24 x 18,,36 x 30,,30 x 24,,DG
W8-17R,SHOULDER DROP OFF RIGHT,,30 x 30,36 x 36,48 x 48,,,,DG
