PATA Number,PATA Description,Condition,PATA Series,PATA Series Description,sign_1,sign_2,sign_3,sign_4,sign_5,sign_6,sign_7,sign_8,sign_count_1,sign_count_2,sign_count_3,sign_count_4,sign_count_5,sign_count_6,sign_count_7,sign_count_8,blight_red_count
101-A,Single­Lane Approach - No Roadway Encroachment,Work on or Beyond the Shoulder,PATA 100 Series Index,Short-Term Stationary Operations on Conventional Highways,W20-1,,,,,,,,1,,,,,,,,
101-B,Multi­Lane Approach - Right Shoulder Work - No Roadway Encroachment,Work on or Beyond the Shoulder,PATA 100 Series Index,Short-Term Stationary Operations on Conventional Highways,W20-1,,,,,,,,1,,,,,,,,
101-C,Multi­Lane Approach - Left Shoulder Work - No Roadway Encroachment,Work on or Beyond the Shoulder,PATA 100 Series Index,Short-Term Stationary Operations on Conventional Highways,W20-1,,,,,,,,1,,,,,,,,
102,Single­Lane Approach - Shoulder Work With Minor Roadway Encroachment,Work on or Beyond the Shoulder,PATA 100 Series Index,Short-Term Stationary Operations on Conventional Highways,W20-1,,,,,,,,1,,,,,,,,
103,Single Lane Approach - Shoulder Work With Major Roadway Encroachment,Work on or Beyond the Shoulder,PATA 100 Series Index,Short-Term Stationary Operations on Conventional Highways,W20-1,W5-5,,,,,,,1,1,,,,,,,
104,Work Space on Roadway Center Line,Work on Single­Lane Approach,PATA 100 Series Index,Short-Term Stationary Operations on Conventional Highways,W20-1,W5-5,R4-7,,,,,,2,2,2,,,,,,
105,Work Space in the Center of an Intersection,Work on Single­Lane Approach,PATA 100 Series Index,Short-Term Stationary Operations on Conventional Highways,W20-1,W5-5,R4-7,R3-2,,,,,3,3,3,3,,,,,
106,Work in Single­Lane and Center Line -T wo Flaggers,Work on Single­Lane Approach,PATA 100 Series Index,Short-Term Stationary Operations on Conventional Highways,W20-1,W20-4,W20-7,,,,,,2,2,2,,,,,,
107,Work in One­Lane -T wo Flaggers,Work on Single­Lane Approach,PATA 100 Series Index,Short-Term Stationary Operations on Conventional Highways,W20-1,W20-4,W20-7,,,,,,2,2,2,,,,,,
108,Work in Single­Lane - One Flagger,Work on Single­Lane Approach,PATA 100 Series Index,Short-Term Stationary Operations on Conventional Highways,W20-1,W20-4,W20-7,,,,,,2,2,2,,,,,,
111,Self-Regulating Stop Control,Work on Single­Lane Approach,PATA 100 Series Index,Short-Term Stationary Operations on Conventional Highways,W20-1,R1-1,W20-4,W3-1,R1-1,,,,2,2,1,2,2,,,,2
117,Work in One­Lane with Pilot Vehicle ­ Two Flaggers,Work on Single­Lane Approach,PATA 100 Series Index,Short-Term Stationary Operations on Conventional Highways,W20-1,W20-4,W20-7,G20-4,,,,,,,,,,,,,
118,Self-Regulating Lane Shift into Opposing Lane,Work on Single­Lane Approach,PATA 100 Series Index,Short-Term Stationary Operations on Conventional Highways,W20-1,,,,,,,,,,,,,,,,
120,Work in Adjacent Lanes with Opposing Traffic -T wo Flaggers,Work on Single­Lane Approach,PATA 100 Series Index,Short-Term Stationary Operations on Conventional Highways,W20-1,W20-4,W20-7,W20-5L,W4-2L,W1-4R,,,,,,,,,,,
121,Self-Regulating Lane Shift into Center Left-Turn Lane,Work on Single­Lane Approach,PATA 100 Series Index,Short-Term Stationary Operations on Conventional Highways,W20-1,W9-3,,,,,,,,,,,,,,,
122,Work in Center Left-Turn Lane,Work on Single­Lane Approach,PATA 100 Series Index,Short-Term Stationary Operations on Conventional Highways,W20-1,W9-3,,,,,,,,,,,,,,,
131,Work within One Quadrant of a Roundabout,Work on Single­Lane Approach,PATA 100 Series Index,Short-Term Stationary Operations on Conventional Highways,W20-1,W3-4,W20-7,W12-1,,,,,,,,,,,,,
132,Work on One Leg Entering a Roundabout,Work on Single­Lane Approach,PATA 100 Series Index,Short-Term Stationary Operations on Conventional Highways,W20-1,W3-4,W20-7,W12-1,R4-7,,,,,,,,,,,,
133,Work on One Leg Exiting a Roundabout,Work on Single­Lane Approach,PATA 100 Series Index,Short-Term Stationary Operations on Conventional Highways,W20-1,W3-4,W20-7,W12-1,R4-7,,,,,,,,,,,,
119,"Work in Two Lanes, Same Direction-T wo Flaggers",Work on Multi­Lane Approach,PATA 100 Series Index,Short-Term Stationary Operations on Conventional Highways,W20-1,W20-4,W20-7,,,,,,,,,,,,,,
123-A,Work in Right Lane ­ Undivided Highway,Work on Multi­Lane Approach,PATA 100 Series Index,Short-Term Stationary Operations on Conventional Highways,W20-1,W20-5R,W4-2R,,,,,,,,,,,,,,
123-B,Work in Left Lane ­ Undivided Highway,Work on Multi­Lane Approach,PATA 100 Series Index,Short-Term Stationary Operations on Conventional Highways,W20-1,W20-5L,W4-2L,,,,,,,,,,,,,,
124,"Work in Two Lanes, Same Direction (Lane Shift into Opposing Lane)",Work on Multi­Lane Approach,PATA 100 Series Index,Short-Term Stationary Operations on Conventional Highways,W20-1,W4-2L,W4-2R,W20-5L,W20-5R,W1-4L,W1-4R,,,,,,,,,,
125-A,Work in Right Lane - Divided Highway,Work on Multi­Lane Approach,PATA 100 Series Index,Short-Term Stationary Operations on Conventional Highways,W20-1,W20-5R,W4-2R,,,,,,,,,,,,,,
125-B,Work in Left Lane - Divided Highway,Work on Multi­Lane Approach,PATA 100 Series Index,Short-Term Stationary Operations on Conventional Highways,W20-1,W20-5L,W4-2L,,,,,,,,,,,,,,
126-A,Work in Right Lane and on Lane Line,Work on Multi­Lane Approach,PATA 100 Series Index,Short-Term Stationary Operations on Conventional Highways,W20-1,W20-5R,W4-2R,W5-5,,,,,,,,,,,,,
126-B,Work in Left Lane and on Lane Line,Work on Multi­Lane Approach,PATA 100 Series Index,Short-Term Stationary Operations on Conventional Highways,W20-1,W20-5L,W4-2L,W5-5,,,,,,,,,,,,,
127-A,Work in Right Two Lanes (Lane Shift into Adjacent Lane),Work on Multi­Lane Approach,PATA 100 Series Index,Short-Term Stationary Operations on Conventional Highways,W20-1,W20-5AR,W4-2R,,,,,,,,,,,,,,
127-B,Work in Left Two Lanes (Lane Shift into Adjacent Lane),Work on Multi­Lane Approach,PATA 100 Series Index,Short-Term Stationary Operations on Conventional Highways,W20-1,W20-5AL,W4-2L,,,,,,,,,,,,,,
116-A,Standard Orange Detour Signs,Road Closure with Detour,PATA 100 Series Index,Short-Term Stationary Operations on Conventional Highways,W20-2,R11-4,W20-3,R11-2,,,,,,,,,,,,,
116-B,Red Arrow Detour Signs (ADT <1500),Road Closure with Detour,PATA 100 Series Index,Short-Term Stationary Operations on Conventional Highways,,,,,,,,,,,,,,,,,
128,Sidewalk Closed with Pedestrian Detour,Work Space Located on Sidewalks,PATA 100 Series Index,Short-Term Stationary Operations on Conventional Highways,W20-1,R9-9,,,,,,,,,,,,,,,
129,Sidewalk Closed with Pedestrian Diversion,Work Space Located on Sidewalks,PATA 100 Series Index,Short-Term Stationary Operations on Conventional Highways,W20-1,,,,,,,,,,,,,,,,
130,Sidewalk and Crosswalk Closure with Pedestrian Detour,Work Space Located on Sidewalks,PATA 100 Series Index,Short-Term Stationary Operations on Conventional Highways,W20-1,W11-2,W16-7P,W16-9P,R9-9,R9-10,R9-11a,,,,,,,,,,
109-A,Approaching a Stop Sign - Two Flaggers,Lane Closure Ending at a T-Intersection,PATA 100 Series Index,Short-Term Stationary Operations on Conventional Highways,,,,,,,,,,,,,,,,,
109-B,Approaching a Stop Sign - Three Flaggers,Lane Closure Ending at a T-Intersection,PATA 100 Series Index,Short-Term Stationary Operations on Conventional Highways,,,,,,,,,,,,,,,,,
109-C,Approaching All-way Stop - Two Flaggers,Lane Closure Ending at a T-Intersection,PATA 100 Series Index,Short-Term Stationary Operations on Conventional Highways,,,,,,,,,,,,,,,,,
109-D,Approaching All-way Stop - Three Flaggers,Lane Closure Ending at a T-Intersection,PATA 100 Series Index,Short-Term Stationary Operations on Conventional Highways,,,,,,,,,,,,,,,,,
109-E,Approaching Traffic Signal - Two Flaggers,Lane Closure Ending at a T-Intersection,PATA 100 Series Index,Short-Term Stationary Operations on Conventional Highways,,,,,,,,,,,,,,,,,
109-F,Approaching Traffic Signal - Three Flaggers,Lane Closure Ending at a T-Intersection,PATA 100 Series Index,Short-Term Stationary Operations on Conventional Highways,,,,,,,,,,,,,,,,,
109-G,Departing the Intersection - Two Flaggers,Lane Closure Beginning at a T-Intersection,PATA 100 Series Index,Short-Term Stationary Operations on Conventional Highways,,,,,,,,,,,,,,,,,
109-H,Departing the Intersection - Three Flaggers,Lane Closure Beginning at a T-Intersection,PATA 100 Series Index,Short-Term Stationary Operations on Conventional Highways,,,,,,,,,,,,,,,,,
109-I,Departing an All-way Stop - Two Flaggers,Lane Closure Beginning at a T-Intersection,PATA 100 Series Index,Short-Term Stationary Operations on Conventional Highways,,,,,,,,,,,,,,,,,
109-J,Departing an All-way Stop - Three Flaggers,Lane Closure Beginning at a T-Intersection,PATA 100 Series Index,Short-Term Stationary Operations on Conventional Highways,,,,,,,,,,,,,,,,,
109-K,Departing a Traffic Signal - Two Flaggers,Lane Closure Beginning at a T-Intersection,PATA 100 Series Index,Short-Term Stationary Operations on Conventional Highways,,,,,,,,,,,,,,,,,
109-L,Departing a Traffic Signal - Three Flaggers,Lane Closure Beginning at a T-Intersection,PATA 100 Series Index,Short-Term Stationary Operations on Conventional Highways,,,,,,,,,,,,,,,,,
110-A,Approaching an Intersection with Stop Signs on Side Roads - Two Flaggers,Lane Closure Ending at a 4-Way Intersection,PATA 100 Series Index,Short-Term Stationary Operations on Conventional Highways,,,,,,,,,,,,,,,,,
110-B,Approaching an Intersection with Stop Signs on Side Roads - Four Flaggers,Lane Closure Ending at a 4-Way Intersection,PATA 100 Series Index,Short-Term Stationary Operations on Conventional Highways,,,,,,,,,,,,,,,,,
110-C,Approaching an Intersection with Uncontrolled Side Roads - Two Flaggers,Lane Closure Ending at a 4-Way Intersection,PATA 100 Series Index,Short-Term Stationary Operations on Conventional Highways,,,,,,,,,,,,,,,,,
110-D,Approaching an Intersection with Uncontrolled Side Roads - Four Flaggers,Lane Closure Ending at a 4-Way Intersection,PATA 100 Series Index,Short-Term Stationary Operations on Conventional Highways,,,,,,,,,,,,,,,,,
110-E,Approaching an All-Way Stop Intersection - Two Flaggers,Lane Closure Ending at a 4-Way Intersection,PATA 100 Series Index,Short-Term Stationary Operations on Conventional Highways,,,,,,,,,,,,,,,,,
110-F,Approaching an All-Way Stop Intersection - Four Flaggers,Lane Closure Ending at a 4-Way Intersection,PATA 100 Series Index,Short-Term Stationary Operations on Conventional Highways,,,,,,,,,,,,,,,,,
110-G,Approaching a Yellow Flashing Traffic Signal - Two Flaggers,Lane Closure Ending at a 4-Way Intersection,PATA 100 Series Index,Short-Term Stationary Operations on Conventional Highways,,,,,,,,,,,,,,,,,
110-H,Approaching a Yellow Flashing Traffic Signal - Four Flaggers,Lane Closure Ending at a 4-Way Intersection,PATA 100 Series Index,Short-Term Stationary Operations on Conventional Highways,,,,,,,,,,,,,,,,,
110-I,Approaching a Red Flashing Traffic Signal - Two Flaggers,Lane Closure Ending at a 4-Way Intersection,PATA 100 Series Index,Short-Term Stationary Operations on Conventional Highways,,,,,,,,,,,,,,,,,
110-J,Approaching a Red Flashing Traffic Signal - Four Flaggers,Lane Closure Ending at a 4-Way Intersection,PATA 100 Series Index,Short-Term Stationary Operations on Conventional Highways,,,,,,,,,,,,,,,,,
110-K,Departing an Intersection with Stop Signs on Side Roads - Two Flaggers,Lane Closure Beginning at a 4-Way Intersection,PATA 100 Series Index,Short-Term Stationary Operations on Conventional Highways,,,,,,,,,,,,,,,,,
110-L,Departing an Intersection with Stop Signs on Side Roads - Four Flaggers,Lane Closure Beginning at a 4-Way Intersection,PATA 100 Series Index,Short-Term Stationary Operations on Conventional Highways,,,,,,,,,,,,,,,,,
110-M,Departing an Intersection with Uncontrolled Side Roads - Two Flaggers,Lane Closure Beginning at a 4-Way Intersection,PATA 100 Series Index,Short-Term Stationary Operations on Conventional Highways,,,,,,,,,,,,,,,,,
110-N,Departing an Intersection with Uncontrolled Side Roads - Four Flaggers,Lane Closure Beginning at a 4-Way Intersection,PATA 100 Series Index,Short-Term Stationary Operations on Conventional Highways,,,,,,,,,,,,,,,,,
110-O,Departing an All-Way Stop Intersection - Two Flaggers,Lane Closure Beginning at a 4-Way Intersection,PATA 100 Series Index,Short-Term Stationary Operations on Conventional Highways,,,,,,,,,,,,,,,,,
110-P,Departing an All-Way Stop Intersection - Four Flaggers,Lane Closure Beginning at a 4-Way Intersection,PATA 100 Series Index,Short-Term Stationary Operations on Conventional Highways,,,,,,,,,,,,,,,,,
110-Q,Departing a Yellow Flashing Traffic Signal - Two Flaggers,Lane Closure Beginning at a 4-Way Intersection,PATA 100 Series Index,Short-Term Stationary Operations on Conventional Highways,,,,,,,,,,,,,,,,,
110-R,Departing a Yellow Flashing Traffic Signal - Four Flaggers,Lane Closure Beginning at a 4-Way Intersection,PATA 100 Series Index,Short-Term Stationary Operations on Conventional Highways,,,,,,,,,,,,,,,,,
110-S,Departing a Red Flashing Traffic Signal - Two Flaggers,Lane Closure Beginning at a 4-Way Intersection,PATA 100 Series Index,Short-Term Stationary Operations on Conventional Highways,,,,,,,,,,,,,,,,,
110-T,Departing a Red Flashing Traffic Signal - Four Flaggers,Lane Closure Beginning at a 4-Way Intersection,PATA 100 Series Index,Short-Term Stationary Operations on Conventional Highways,,,,,,,,,,,,,,,,,
112,"Flagger on Closed Lane Approach, AFAD at Other End",Flagger Control with AFAD,PATA 100 Series Index,Short-Term Stationary Operations on Conventional Highways,W20-1,W20-4,W20-7,W1-4R,W3-4,R10-6AL,,,,,,,,,,,
113,"AFAD on Closed Lane Approach, Flagger at Other End",Flagger Control with AFAD,PATA 100 Series Index,Short-Term Stationary Operations on Conventional Highways,W20-1,W20-4,W20-7,W3-4,R10-6AL,,,,,,,,,,,,
114,AFADs with Two Operators,Flagger Control with AFAD,PATA 100 Series Index,Short-Term Stationary Operations on Conventional Highways,W20-1,W20-4,W1-4R,W3-4,R10-6AL,,,,,,,,,,,,
115,AFADs with One Operator,Flagger Control with AFAD,PATA 100 Series Index,Short-Term Stationary Operations on Conventional Highways,,,,,,,,,,,,,,,,,
201-A,Single-Lane Approach,Work Beyond the Shoulder,PATA 200 Series Index,Long-Term Stationary Operations on Conventional Highways,W20-1,G20-2,,,,,,,,,,,,,,,
201-B,Multi-Lane Approach - Right Shoulder,Work Beyond the Shoulder,PATA 200 Series Index,Long-Term Stationary Operations on Conventional Highways,W20-1,G20-2,,,,,,,,,,,,,,,
201-C,Multi-Lane Approach - Left Shoulder,Work Beyond the Shoulder,PATA 200 Series Index,Long-Term Stationary Operations on Conventional Highways,W20-1,G20-2,,,,,,,,,,,,,,,
202-A,Single-Lane Approach,Work on the Shoulder,PATA 200 Series Index,Long-Term Stationary Operations on Conventional Highways,W20-1,W21-5,W21-5BR,G20-2,,,,,,,,,,,,,
202-B,Multi-Lane Approach - Right Shoulder,Work on the Shoulder,PATA 200 Series Index,Long-Term Stationary Operations on Conventional Highways,W20-1,W21-5,W21-5BR,G20-2,,,,,,,,,,,,,
202-C,Multi-Lane Approach - Left Shoulder,Work on the Shoulder,PATA 200 Series Index,Long-Term Stationary Operations on Conventional Highways,W20-1,W21-5,W21-5BL,G20-2,,,,,,,,,,,,,
203,Single-Lane Approach With Roadway Encroachment,Work on the Shoulder,PATA 200 Series Index,Long-Term Stationary Operations on Conventional Highways,W20-1,W5-5,W14-3,G20-2,,,,,,,,,,,,,
204,Work Space in Center of Roadway,Work on a Single-Lane Approach,PATA 200 Series Index,Long-Term Stationary Operations on Conventional Highways,W20-1,W5-5,W14-3,G20-2,R4-7,,,,,,,,,,,,
205,Self-Regulating Stop Control,Work on a Single-Lane Approach,PATA 200 Series Index,Long-Term Stationary Operations on Conventional Highways,W20-1,W20-4,W1-4R,W3-1,W14-3,G20-2,R1-1,,,,,,,,,,
206,Lane Shift into Opposing Lane,Work on a Single-Lane Approach,PATA 200 Series Index,Long-Term Stationary Operations on Conventional Highways,W20-1,W5-5,G20-2,,,,,,,,,,,,,,
207,Lane Shift into Center Left-Turn Lane,Work on a Single-Lane Approach,PATA 200 Series Index,Long-Term Stationary Operations on Conventional Highways,W20-1,W9-3,G20-2,M4-6,R3-9CP,R3-9B,,,,,,,,,,,
208,Work in Center Left-Turn Lane,Work on a Single-Lane Approach,PATA 200 Series Index,Long-Term Stationary Operations on Conventional Highways,W20-1,W9-3,G20-2,R3-9CP,R3-9DP,R3-9B,,,,,,,,,,,
209-A,Work in Right Lane,Work on a Multi-Lane Approach,PATA 200 Series Index,Long-Term Stationary Operations on Conventional Highways,W20-1,W20-5R,W4-2R,G20-2,,,,,,,,,,,,,
209-B,Work in Left Lane,Work on a Multi-Lane Approach,PATA 200 Series Index,Long-Term Stationary Operations on Conventional Highways,W20-1,W20-5L,W4-2L,G20-2,,,,,,,,,,,,,
210,"Work in Two Lanes, Same Direction (Lane Shift Into Opposing Lane)",Work on a Multi-Lane Approach,PATA 200 Series Index,Long-Term Stationary Operations on Conventional Highways,W20-1,W20-5L,W20-5R,W4-2L,W4-2R,W1-4L,W1-4R,G20-2,,,,,,,,,
211-A,Work in Right Lane of One-Way Roadway,Work on a Multi-Lane Approach,PATA 200 Series Index,Long-Term Stationary Operations on Conventional Highways,W20-1,W20-5R,W4-2R,G20-2,,,,,,,,,,,,,
211-B,Work in Left Lane of One-Way Roadway,Work on a Multi-Lane Approach,PATA 200 Series Index,Long-Term Stationary Operations on Conventional Highways,W20-1,W20-5L,W4-2L,G20-2,,,,,,,,,,,,,
212-A,Work in Right Lane with Left Lane Encroachment - Shoulder Used as Lane,Work on a Multi-Lane Approach,PATA 200 Series Index,Long-Term Stationary Operations on Conventional Highways,W20-1,W20-5L,W4-2L,W5-5,G20-2,,,,,,,,,,,,
212-B,Work in Left Lane with Right Lane Encroachment - Shoulder Used as Lane,Work on a Multi-Lane Approach,PATA 200 Series Index,Long-Term Stationary Operations on Conventional Highways,W20-1,W20-5L,W4-2L,W5-5,G20-2,,,,,,,,,,,,
213-A,Work in Right Two Lanes,Work on a Multi-Lane Approach,PATA 200 Series Index,Long-Term Stationary Operations on Conventional Highways,W20-1,W20-5AR,W4-2R,G20-2,,,,,,,,,,,,,
213-B,Work in Left Two Lanes,Work on a Multi-Lane Approach,PATA 200 Series Index,Long-Term Stationary Operations on Conventional Highways,W20-1,W20-5AL,W4-2L,G20-2,,,,,,,,,,,,,
214,Detour of a Numbered Traffic Route,Road Closure with Detour,PATA 200 Series Index,Long-Term Stationary Operations on Conventional Highways,W20-2,W20-3,M1-5,M4-8A,M4-10L,M4-10R,R11-2,R11-4,,,,,,,,,
215,Detour of a Quadrant Route,Road Closure with Detour,PATA 200 Series Index,Long-Term Stationary Operations on Conventional Highways,W20-2,W20-3,M4-9S,M4-9L,M4-9R,M4-8A,M4-10L,M4-10R,,,,,,,,,
216,Sidewalk Closed with Pedestrian Detour,Work Space Located on Sidewalks,PATA 200 Series Index,Long-Term Stationary Operations on Conventional Highways,W20-1,G20-2,R9-9,R9-11a,,,,,,,,,,,,,
217,Sidewalk Closed with Pedestrian Diversion,Work Space Located on Sidewalks,PATA 200 Series Index,Long-Term Stationary Operations on Conventional Highways,W20-1,G20-2,,,,,,,,,,,,,,,
218,Sidewalk and Crosswalk Closure with Pedestrian Detour,Work Space Located on Sidewalks,PATA 200 Series Index,Long-Term Stationary Operations on Conventional Highways,W20-1,W11-2,W16-7P,W16-9P,G20-2,R9-9,R9-10,R9-11a,,,,,,,,,
219,Crosswalk Closure with Pedestrian Detour,Work Space Located on Sidewalks,PATA 200 Series Index,Long-Term Stationary Operations on Conventional Highways,W20-1,G20-2,R9-11a,,,,,,,,,,,,,,
301-A,Single-Lane Approach,Work on or Beyond the Shoulder,PATA 300 Series Index,Mobile Operations on Conventional Highways,G20-1,,,,,,,,,,,,,,,,
301-B,Multi-Lane One-Way Approach - Right Shoulder,Work on or Beyond the Shoulder,PATA 300 Series Index,Mobile Operations on Conventional Highways,G20-1,,,,,,,,,,,,,,,,
301-C,Multi-Lane Approach - Left Shoulder,Work on or Beyond the Shoulder,PATA 300 Series Index,Mobile Operations on Conventional Highways,G20-1,,,,,,,,,,,,,,,,
307,Mowing Where Tractor Remains on or Beyond Shoulder,Work on or Beyond the Shoulder,PATA 300 Series Index,Mobile Operations on Conventional Highways,W20-1,W21-14,G80-1,V1-6-1,,,,,,,,,,,,,
302,"Two­Lane, Two-Way Approach - Mobile Flagging",Work on Single-Lane Approach,PATA 300 Series Index,Mobile Operations on Conventional Highways,,,,,,,,,,,,,,,,,
302,Temporary Work Stoppage/Slowdown (Figure 302-­1),Work on Single-Lane Approach,PATA 300 Series Index,Mobile Operations on Conventional Highways,,,,,,,,,,,,,,,,,
302,Flagger Relocation ­ Walking (Figure 302­-2 through 302­-5),Work on Single-Lane Approach,PATA 300 Series Index,Mobile Operations on Conventional Highways,,,,,,,,,,,,,,,,,
302,Flagger Relocation ­ Riding in Work Vehicle (Figure 302-­6 through 302­-9),Work on Single-Lane Approach,PATA 300 Series Index,Mobile Operations on Conventional Highways,,,,,,,,,,,,,,,,,
302,Flagger Relocation ­ Riding in Pilot Vehicle (Figure 302­-10 through 302­-13),Work on Single-Lane Approach,PATA 300 Series Index,Mobile Operations on Conventional Highways,,,,,,,,,,,,,,,,,
303,Workers Remain in Vehicles Throughout Operation,Work on Single-Lane Approach,PATA 300 Series Index,Mobile Operations on Conventional Highways,W20-1,,,,,,,,,,,,,,,,
304-A,Work in Right Lane - Undivided Highway,Work on Multi-Lane Approach,PATA 300 Series Index,Mobile Operations on Conventional Highways,W20-5R,,,,,,,,,,,,,,,,
304-B,Work in Left Lane - Undivided Highway,Work on Multi-Lane Approach,PATA 300 Series Index,Mobile Operations on Conventional Highways,W20-5L,,,,,,,,,,,,,,,,
305-A,Work in Right Lane - Divided Highway,Work on Multi-Lane Approach,PATA 300 Series Index,Mobile Operations on Conventional Highways,W20-5R,,,,,,,,,,,,,,,,
305-B,Work in Left Lane - Divided Highway,Work on Multi-Lane Approach,PATA 300 Series Index,Mobile Operations on Conventional Highways,W20-5L,,,,,,,,,,,,,,,,
306-A,Work in Right Lane of 3 Lane Approach,Work on Multi-Lane Approach,PATA 300 Series Index,Mobile Operations on Conventional Highways,W20-5R,,,,,,,,,,,,,,,,
306-B,Work in Left Lane of 3 Lane Approach,Work on Multi-Lane Approach,PATA 300 Series Index,Mobile Operations on Conventional Highways,W20-5L,,,,,,,,,,,,,,,,
306-C,Work in Center Lane of 3 Lane Approach,Work on Multi-Lane Approach,PATA 300 Series Index,Mobile Operations on Conventional Highways,W9-3,,,,,,,,,,,,,,,,
307,Mowing Where Tractor Utilizes the Roadway to Perform Operations,Work on Multi-Lane Approach,PATA 300 Series Index,Mobile Operations on Conventional Highways,W20-1,W21-14,G80-1,V1-6-1,,,,,,,,,,,,,
401-A,Work on Right Side,Work on or Beyond the Shoulder,PATA 400 Series Index,Short-Term Stationary Operations on Conventional Highways,W20-1,,,,,,,,,,,,,,,,
401-B,Work on Left Side,Work on or Beyond the Shoulder,PATA 400 Series Index,Short-Term Stationary Operations on Freeways & Expressways,W20-1,,,,,,,,,,,,,,,,
402-A,Work in Right Lane,Work on Two­Lane Approach,PATA 400 Series Index,Short-Term Stationary Operations on Freeways & Expressways,W20-1,W20-5R,W4-2R,,,,,,,,,,,,,,
402-B,Work in Left Lane,Work on Two­Lane Approach,PATA 400 Series Index,Short-Term Stationary Operations on Freeways & Expressways,W20-1,W20-5L,W4-2L,,,,,,,,,,,,,,
408,Work in All Lanes Requiring a Rolling Slow Down or Stoppage,Work on Two­Lane Approach,PATA 400 Series Index,Short-Term Stationary Operations on Freeways & Expressways,W3-4,W20-3,W20-101,G80-1,,,,,,,,,,,,,
403-A,Work in Right and Center Lanes,Work on Three­Lane Approach,PATA 400 Series Index,Short-Term Stationary Operations on Freeways & Expressways,W20-1,W20-5AR,W4-2R,,,,,,,,,,,,,,
403-B,Work in Left and Center Lanes,Work on Three­Lane Approach,PATA 400 Series Index,Short-Term Stationary Operations on Freeways & Expressways,W20-1,W20-5AL,W4-2L,,,,,,,,,,,,,,
404-A,Work in Right Lane Near Right­Exit Ramp,Work Near Interchange Ramps,PATA 400 Series Index,Short-Term Stationary Operations on Freeways & Expressways,W20-1,W20-5R,W4-2R,W25-4,,,,,,,,,,,,,
404-B,Work in Left Lane Near Left­Exit Ramp,Work Near Interchange Ramps,PATA 400 Series Index,Short-Term Stationary Operations on Freeways & Expressways,W20-1,W20-5L,W4-2L,W25-4,,,,,,,,,,,,,
405-A,Work in Right Lane Near Right-Entrance Ramp with YIELD Control,Work Near Interchange Ramps,PATA 400 Series Index,Short-Term Stationary Operations on Freeways & Expressways,W20-1,W20-5R,W4-2R,W4-1R,W3-2,R1-2,R4-9,,,,,,,,,,
405-B,Work in Left Lane Near Left-Entrance Ramp with YIELD Control,Work Near Interchange Ramps,PATA 400 Series Index,Short-Term Stationary Operations on Freeways & Expressways,W20-1,W20-5L,W4-2L,W4-1L,W3-2,R1-2,R4-9,,,,,,,,,,
406-A,Work in Right Lane Near Right-Entrance Ramp with STOP Control,Work Near Interchange Ramps,PATA 400 Series Index,Short-Term Stationary Operations on Freeways & Expressways,W20-1,W20-5R,W4-2R,W4-1R,W3-1,R1-1,R4-9,,,,,,,,,,
406-B,Work in Left Lane Near Left-Entrance Ramp with STOP Control,Work Near Interchange Ramps,PATA 400 Series Index,Short-Term Stationary Operations on Freeways & Expressways,W20-1,W20-5L,W4-2L,W4-1L,W3-1,R1-1,R4-9,,,,,,,,,,
407,Work on Ramp Shoulder (May Have Roadway Encroachment),Work Near Interchange Ramps,PATA 400 Series Index,Short-Term Stationary Operations on Freeways & Expressways,W21-101,W5-4,,,,,,,,,,,,,,,
409-A,Work Closes All Lanes - All Traffic Must Use Right-Exit,Freeway Closure,PATA 400 Series Index,Short-Term Stationary Operations on Freeways & Expressways,W20-1,W20-5L,W4-2L,W25-4,D14-103,,,,,,,,,,,,
409-B,Work Closes All Lanes - All Traffic Must Use Left-Exit,Freeway Closure,PATA 400 Series Index,Short-Term Stationary Operations on Freeways & Expressways,W20-1,W20-5R,W4-2R,W25-4,D14-103,,,,,,,,,,,,
501-A,Work on Right Side,Work Beyond the Shoulder,PATA 500 Series Index,Long-Term Stationary Operations on Freeways & Expressways,W20-1,G20-2,,,,,,,,,,,,,,,
501-B,Work on Left Side,Work Beyond the Shoulder,PATA 500 Series Index,Long-Term Stationary Operations on Freeways & Expressways,W20-1,G20-2,,,,,,,,,,,,,,,
502-A,Work on Right Shoulder,Work on the Shoulder,PATA 500 Series Index,Long-Term Stationary Operations on Freeways & Expressways,W20-1,W21-5,W21-5BR,G20-2,,,,,,,,,,,,,
502-B,Work on Left Shoulder,Work on the Shoulder,PATA 500 Series Index,Long-Term Stationary Operations on Freeways & Expressways,W20-1,W21-5,W21-5BL,G20-2,,,,,,,,,,,,,
503-A,Work in Right Lane,Work on Two-Lane Approach,PATA 500 Series Index,Long-Term Stationary Operations on Freeways & Expressways,W20-1,W20-5R,W4-2R,G20-2,,,,,,,,,,,,,
503-B,Work in Left Lane,Work on Two-Lane Approach,PATA 500 Series Index,Long-Term Stationary Operations on Freeways & Expressways,W20-1,W20-5L,W4-2L,G20-2,,,,,,,,,,,,,
508-A,Two Lanes Shift Utilizing Left Shoulder,Work on Two-Lane Approach,PATA 500 Series Index,Long-Term Stationary Operations on Freeways & Expressways,W20-1,W5-5,W1-4BL,W1-4BR,G20-2,,,,,,,,,,,,
508-B,Two Lanes Shift Utilizing Right Shoulder,Work on Two-Lane Approach,PATA 500 Series Index,Long-Term Stationary Operations on Freeways & Expressways,W20-1,W5-5,W1-4BL,W1-4BR,G20-2,,,,,,,,,,,,
504-A,Work in Right and Center Lanes,Work on Three-Lane Approach,PATA 500 Series Index,Long-Term Stationary Operations on Freeways & Expressways,W20-1,W20-5AR,W4-2R,G20-2,,,,,,,,,,,,,
504-B,Work in Left and Center Lanes,Work on Three-Lane Approach,PATA 500 Series Index,Long-Term Stationary Operations on Freeways & Expressways,W20-1,W20-5AL,W4-2L,G20-2,,,,,,,,,,,,,
505-A,Work in Right Lane Near Right-Exit Ramp,Work Near Interchange Ramps,PATA 500 Series Index,Long-Term Stationary Operations on Freeways & Expressways,W20-1,W20-5R,W4-2R,G20-2,W25-4,,,,,,,,,,,,
505-B,Work in Left Lane Near Left-Exit Ramp,Work Near Interchange Ramps,PATA 500 Series Index,Long-Term Stationary Operations on Freeways & Expressways,W20-1,W20-5L,W4-2L,G20-2,W25-4,,,,,,,,,,,,
506-A,Work in Right Lane Near Right-Entrance Ramp with YIELD Control,Work Near Interchange Ramps,PATA 500 Series Index,Long-Term Stationary Operations on Freeways & Expressways,W20-1,W20-5R,W4-2R,W4-1R,W3-2,G20-2,R1-2,R4-9,,,,,,,,,
506-B,Work in Left Lane Near Left-Entrance Ramp with YIELD Control,Work Near Interchange Ramps,PATA 500 Series Index,Long-Term Stationary Operations on Freeways & Expressways,W20-1,W20-5L,W4-2L,W4-1L,W3-2,G20-2,R1-2,R4-9,,,,,,,,,
507-A,Work in Right Lane Near Right-Entrance Ramp with STOP Control,Work Near Interchange Ramps,PATA 500 Series Index,Long-Term Stationary Operations on Freeways & Expressways,W20-1,W20-5R,W4-2R,W4-1R,W3-1,G20-2,R1-1,R4-9,,,,,,,,,
507-B,Work in Left Lane Near Left-Entrance Ramp with STOP Control,Work Near Interchange Ramps,PATA 500 Series Index,Long-Term Stationary Operations on Freeways & Expressways,W20-1,W20-5L,W4-2L,W4-1L,W3-1,G20-2,R1-1,R4-9,,,,,,,,,
601,Work on Right or Left Side,Work on or Beyond the Shoulder,PATA 600 Series Index,Mobile Operations on Freeways & Expressways,,,,,,,,,,,,,,,,,
604,Mowing (Tractor Remains on or Beyond Shoulder),Work on or Beyond the Shoulder,PATA 600 Series Index,Mobile Operations on Freeways & Expressways,W20-1,W21-14,G80-1,V1-6-1,,,,,,,,,,,,,
602-A,Work in Right Lane,Work on Two-Lane Approach,PATA 600 Series Index,Mobile Operations on Freeways & Expressways,W20-5R,,,,,,,,,,,,,,,,
602-B,Work in Left Lane,Work on Two-Lane Approach,PATA 600 Series Index,Mobile Operations on Freeways & Expressways,W20-5L,,,,,,,,,,,,,,,,
603-A,Work in Right Lane,Work on Three-Lane Approach,PATA 600 Series Index,Mobile Operations on Freeways & Expressways,W20-5R,,,,,,,,,,,,,,,,
603-B,Work in Left Lane,Work on Three-Lane Approach,PATA 600 Series Index,Mobile Operations on Freeways & Expressways,W20-5L,,,,,,,,,,,,,,,,
603-C,Work in Two Lanes (Right & Center or Left & Center),Work on Three-Lane Approach,PATA 600 Series Index,Mobile Operations on Freeways & Expressways,W9-3,,,,,,,,,,,,,,,,
701,Pedestal-Mounted Signals,Short-Term Operation with Non-Complex Conditions,PATA 700 Series Index ,TTC Signal Operations,W20-1,W20-4,W3-3,G20-2,R10-6AL,,,,,,,,,,,,
702,Trailer-Mounted Signals,Short-Term Operation with Non-Complex Conditions,PATA 700 Series Index ,TTC Signal Operations,W20-1,W20-4,W3-3,G20-2,R10-6AL,,,,,,,,,,,,
703,Pedestal-Mounted Signals,Short-Term Operation with Complex Conditions,PATA 700 Series Index ,TTC Signal Operations,,,,,,,,,,,,,,,,,
704,Trailer-Mounted Signals,Short-Term Operation with Complex Conditions,PATA 700 Series Index ,TTC Signal Operations,,,,,,,,,,,,,,,,,
705,Overhead Signals on Fixed Supports with Span Wire,Long-Term Operation with Non-Complex or Complex Conditions,PATA 700 Series Index ,TTC Signal Operations,,,,,,,,,,,,,,,,,
706,Trailer-Mounted Signals,Long-Term Operation with Non-Complex or Complex Conditions,PATA 700 Series Index ,TTC Signal Operations,,,,,,,,,,,,,,,,,
801,"Two-­Lane, Two-Way Conventional Highways",Permitted Hauling Operation,PATA 800 Series Index ,Hauling Operations,,,,,,,,,,,,,,,,,
802,Multi-Lane Highways Where Passing is Allowed,Permitted Hauling Operation,PATA 800 Series Index ,Hauling Operations,,,,,,,,,,,,,,,,,
803,Multi-Lane Highways Where Passing is Prohibited,Permitted Hauling Operation,PATA 800 Series Index ,Hauling Operations,,,,,,,,,,,,,,,,,
804,Highways with Three Lanes in One Direction,Permitted Hauling Operation,PATA 800 Series Index ,Hauling Operations,,,,,,,,,,,,,,,,,
805,Highways with More than Three Lanes in One Direction,Permitted Hauling Operation,PATA 800 Series Index ,Hauling Operations,,,,,,,,,,,,,,,,,
